Workbook

Sheet Guide
A1: SEO Reporting Template
A2: Dedicated organic-search report. Green-themed, formula-driven, plug-and-play. Fill one tab a month, or let Claude pull it. Full steps and prompts are on the Instructions & Prompts tab.
A4: How this works
A5: Monthly Summary is your single source of truth. Fill one row per month. The Executive Summary and Month-on-Month tabs read from it and recompute on their own.
A6: Blue cells are where you type. Grey cells are formulas. Leave the formulas alone.
A7: Percentages are stored as values. 2.5% is held as 0.025. For Average Position, lower is better.
A9: Where the data comes from
A10: Search Console gives clicks, impressions, CTR, and position. GA4 gives organic users and leads. Ahrefs gives ranking keywords, referring domains, and domain rating. PageSpeed gives Core Web Vitals.
A12: Tabs
A13: Instructions & Prompts, Monthly Summary, Executive Summary, Month-on-Month, Top Pages, Top Keywords, Position Bands, Striking Distance, Core Web Vitals, Authority & Backlinks, Flags & Fixes, Definitions, Sources.
A14: Start on the Instructions & Prompts tab. It has the full steps and the Claude prompts for every tab.

Sheet Instructions & Prompts
A1: Instructions & Prompts
A2: Everything you need to fill this workbook, including the exact prompts to paste into Claude. No external docs needed.
A4: How this workbook works
A5: Monthly Summary is the single source of truth. Fill one row per month and the Executive Summary, Month-on-Month, and the rest read from it. Blue cells are inputs. Grey cells are formulas. Percentages are stored as values, so 2.5% is 0.025. For Average Position, a lower number is better.
A7: The fast way: let Claude pull the data
A8: SEO data lives in four places. Search Console and GA4 connect to Claude through the Windsor.ai connector. Ahrefs connects through its own Claude connector. PageSpeed runs on request. Turn the connectors on, then paste the prompts below one at a time. Replace <my domain> and <GA4-ID> the first time.
A10: Step 1. Connect and confirm
A11: Using the Windsor.ai connector, confirm my Search Console and GA4 accounts are connected, and show me the GA4 property ID.
A13: Step 2. Monthly Summary (fill this first)
A14: From Search Console for <my domain>, give clicks, impressions, and average position by month for the last 12 months. From GA4 <GA4-ID>, give organic-search users and my lead event by month. Lay it out as one row per month for the Monthly Summary tab. I will add ranking keywords, referring domains, and domain rating from Ahrefs.
A16: Step 3. Top Pages
A17: From Search Console for <my domain>, top pages by clicks for the latest month: page, clicks, impressions, average position. Join organic users and leads per page from GA4 <GA4-ID>.
... A41: Clicks and position are the headline. Rising impressions with flat clicks means you rank but do not earn the click, so titles and snippets are the lever. The Striking Distance tab is where the fastest wins hide: queries already on page one or two that a few internal links or a content refresh can push up. Watch non-brand share to prove SEO is winning new demand, not just catching your own brand searches.

Sheet Monthly Summary
A1: Monthly Summary
A2: One row per month. Blue cells are inputs (Search Console, GA4, Ahrefs). CTR and conversion rate are formulas. This tab feeds the Executive Summary and Month-on-Month.
A4: Month | B4: Clicks | C4: Impressions | D4: CTR | E4: Avg Position | F4: Organic Users | G4: Organic Leads | H4: Conv. Rate | I4: Ranking Keywords | J4: Keywords in Top 3 | K4: Referring Domains | L4: Domain Rating
A5: Month 1 | B5: 4200 | C5: 180000 | D5: =IF(OR(C5="",C5=0),"",B5/C5) -> 0.023333333 | E5: 18.5 | F5: 5200 | G5: 30 | H5: =IF(OR(F5="",F5=0),"",G5/F5) -> 0.0057692308 | I5: 1200 | J5: 80 | K5: 340 | L5: 42
A6: Month 2 | B6: 4800 | C6: 195000 | D6: =IF(OR(C6="",C6=0),"",B6/C6) -> 0.024615385 | E6: 17.2 | F6: 5900 | G6: 38 | H6: =IF(OR(F6="",F6=0),"",G6/F6) -> 0.006440678 | I6: 1320 | J6: 95 | K6: 352 | L6: 43
A7: Month 3 | B7: 5600 | C7: 210000 | D7: =IF(OR(C7="",C7=0),"",B7/C7) -> 0.026666667 | E7: 16 | F7: 6800 | G7: 47 | H7: =IF(OR(F7="",F7=0),"",G7/F7) -> 0.0069117647 | I7: 1450 | J7: 110 | K7: 365 | L7: 44
A8: Month 4 | D8: =IF(OR(C8="",C8=0),"",B8/C8) | H8: =IF(OR(F8="",F8=0),"",G8/F8)
A9: Month 5 | D9: =IF(OR(C9="",C9=0),"",B9/C9) | H9: =IF(OR(F9="",F9=0),"",G9/F9)
A10: Month 6 | D10: =IF(OR(C10="",C10=0),"",B10/C10) | H10: =IF(OR(F10="",F10=0),"",G10/F10)
A11: Month 7 | D11: =IF(OR(C11="",C11=0),"",B11/C11) | H11: =IF(OR(F11="",F11=0),"",G11/F11)
A12: Month 8 | D12: =IF(OR(C12="",C12=0),"",B12/C12) | H12: =IF(OR(F12="",F12=0),"",G12/F12)
A13: Month 9 | D13: =IF(OR(C13="",C13=0),"",B13/C13) | H13: =IF(OR(F13="",F13=0),"",G13/F13)
A14: Month 10 | D14: =IF(OR(C14="",C14=0),"",B14/C14) | H14: =IF(OR(F14="",F14=0),"",G14/F14)
A15: Month 11 | D15: =IF(OR(C15="",C15=0),"",B15/C15) | H15: =IF(OR(F15="",F15=0),"",G15/F15)
A16: Month 12 | D16: =IF(OR(C16="",C16=0),"",B16/C16) | H16: =IF(OR(F16="",F16=0),"",G16/F16)
A17: Month 13 | D17: =IF(OR(C17="",C17=0),"",B17/C17) | H17: =IF(OR(F17="",F17=0),"",G17/F17)
A18: Month 14 | D18: =IF(OR(C18="",C18=0),"",B18/C18) | H18: =IF(OR(F18="",F18=0),"",G18/F18)
A19: Month 15 | D19: =IF(OR(C19="",C19=0),"",B19/C19) | H19: =IF(OR(F19="",F19=0),"",G19/F19)
... A28: Month 24 | D28: =IF(OR(C28="",C28=0),"",B28/C28) | H28: =IF(OR(F28="",F28=0),"",G28/F28)
A30: Fill the blue cells each month. Clicks and average position are the headline pair: clicks up with position improving is healthy growth. Clicks flat while impressions rise means you rank but lose the click, so work on titles and snippets. Domain rating and referring domains move slowly, so judge them quarter on quarter.

Sheet Executive Summary
A1: Executive Summary | P1: =IFERROR(MATCH($B$4,'Monthly Summary'!$A$5:$A$28,0),1) -> 3
A2: Pick a month. The cards show that month versus the one before it. Everything reads from Monthly Summary. For Average Position, a lower number is better.
A4: Pick a month: | B4: Month 3
A6: Metric | B6: Selected month | C6: Prior month | D6: Change
A7: Clicks | B7: =IFERROR(INDEX('Monthly Summary'!$B$5:$B$28,$P$1),"") -> 5600 | C7: =IFERROR(IF($P$1<=1,"",INDEX('Monthly Summary'!$B$5:$B$28,$P$1-1)),"") -> 4800 | D7: =IF(OR(C7="",C7=0,B7=""),"",(B7-C7)/C7) -> 0.16666667
A8: Impressions | B8: =IFERROR(INDEX('Monthly Summary'!$C$5:$C$28,$P$1),"") -> 210000 | C8: =IFERROR(IF($P$1<=1,"",INDEX('Monthly Summary'!$C$5:$C$28,$P$1-1)),"") -> 195000 | D8: =IF(OR(C8="",C8=0,B8=""),"",(B8-C8)/C8) -> 0.076923077
A9: CTR | B9: =IFERROR(INDEX('Monthly Summary'!$D$5:$D$28,$P$1),"") -> 0.026666667 | C9: =IFERROR(IF($P$1<=1,"",INDEX('Monthly Summary'!$D$5:$D$28,$P$1-1)),"") -> 0.024615385 | D9: =IF(OR(C9="",B9=""),"",B9-C9) -> 0.0020512821
A10: Avg Position | B10: =IFERROR(INDEX('Monthly Summary'!$E$5:$E$28,$P$1),"") -> 16 | C10: =IFERROR(IF($P$1<=1,"",INDEX('Monthly Summary'!$E$5:$E$28,$P$1-1)),"") -> 17.2 | D10: =IF(OR(C10="",B10=""),"",B10-C10) -> -1.2
A11: Organic Users | B11: =IFERROR(INDEX('Monthly Summary'!$F$5:$F$28,$P$1),"") -> 6800 | C11: =IFERROR(IF($P$1<=1,"",INDEX('Monthly Summary'!$F$5:$F$28,$P$1-1)),"") -> 5900 | D11: =IF(OR(C11="",C11=0,B11=""),"",(B11-C11)/C11) -> 0.15254237
A12: Organic Leads | B12: =IFERROR(INDEX('Monthly Summary'!$G$5:$G$28,$P$1),"") -> 47 | C12: =IFERROR(IF($P$1<=1,"",INDEX('Monthly Summary'!$G$5:$G$28,$P$1-1)),"") -> 38 | D12: =IF(OR(C12="",C12=0,B12=""),"",(B12-C12)/C12) -> 0.23684211
A13: Conv. Rate | B13: =IFERROR(INDEX('Monthly Summary'!$H$5:$H$28,$P$1),"") -> 0.0069117647 | C13: =IFERROR(IF($P$1<=1,"",INDEX('Monthly Summary'!$H$5:$H$28,$P$1-1)),"") -> 0.006440678 | D13: =IF(OR(C13="",B13=""),"",B13-C13) -> 0.00047108674
A14: Ranking Keywords | B14: =IFERROR(INDEX('Monthly Summary'!$I$5:$I$28,$P$1),"") -> 1450 | C14: =IFERROR(IF($P$1<=1,"",INDEX('Monthly Summary'!$I$5:$I$28,$P$1-1)),"") -> 1320 | D14: =IF(OR(C14="",C14=0,B14=""),"",(B14-C14)/C14) -> 0.098484848
A15: Referring Domains | B15: =IFERROR(INDEX('Monthly Summary'!$K$5:$K$28,$P$1),"") -> 365 | C15: =IFERROR(IF($P$1<=1,"",INDEX('Monthly Summary'!$K$5:$K$28,$P$1-1)),"") -> 352 | D15: =IF(OR(C15="",C15=0,B15=""),"",(B15-C15)/C15) -> 0.036931818
A16: Domain Rating | B16: =IFERROR(INDEX('Monthly Summary'!$L$5:$L$28,$P$1),"") -> 44 | C16: =IFERROR(IF($P$1<=1,"",INDEX('Monthly Summary'!$L$5:$L$28,$P$1-1)),"") -> 43 | D16: =IF(OR(C16="",B16=""),"",B16-C16) -> 1
A18: Lead with clicks and leads. Watch out for the trap where impressions and rankings rise but clicks do not: that is a snippet problem, not a ranking problem. Average Position improving shows as a negative change here, which is the good direction. Domain rating and referring domains move slowly, so small monthly changes are normal.

Sheet Month-on-Month
A1: Month-on-Month
A2: Each metric shows the month's actual value and the change versus the prior month. Volume metrics change in %, rates in percentage points, position and domain rating in absolute change. Blank rows are months not filled yet.
A4: Month | B4: Clicks | D4: Impressions | F4: CTR | H4: Avg Position | J4: Organic Users | L4: Organic Leads | N4: Conv. Rate | P4: Domain Rating
B5: This month | C5: vs prev | D5: This month | E5: vs prev | F5: This month | G5: vs prev (pp) | H5: This month | I5: vs prev | J5: This month | K5: vs prev | L5: This month | M5: vs prev | N5: This month | O5: vs prev (pp) | P5: This month | Q5: vs prev
A6: ='Monthly Summary'!A5 -> Month 1 | B6: =IF('Monthly Summary'!B5="","",'Monthly Summary'!B5) -> 4200 | C6: ="n/a" -> n/a | D6: =IF('Monthly Summary'!C5="","",'Monthly Summary'!C5) -> 180000 | E6: ="n/a" -> n/a | F6: =IF('Monthly Summary'!D5="","",'Monthly Summary'!D5) -> 0.023333333 | G6: ="n/a" -> n/a | H6: =IF('Monthly Summary'!E5="","",'Monthly Summary'!E5) -> 18.5 | I6: ="n/a" -> n/a | J6: =IF('Monthly Summary'!F5="","",'Monthly Summary'!F5) -> 5200 | K6: ="n/a" -> n/a | L6: =IF('Monthly Summary'!G5="","",'Monthly Summary'!G5) -> 30 | M6: ="n/a" -> n/a | N6: =IF('Monthly Summary'!H5="","",'Monthly Summary'!H5) -> 0.0057692308 | O6: ="n/a" -> n/a | P6: =IF('Monthly Summary'!L5="","",'Monthly Summary'!L5) -> 42 | Q6: ="n/a" -> n/a
A7: ='Monthly Summary'!A6 -> Month 2 | B7: =IF('Monthly Summary'!B6="","",'Monthly Summary'!B6) -> 4800 | C7: =IF(OR('Monthly Summary'!B6="",'Monthly Summary'!B5="",'Monthly Summary'!B5=0),"",('Monthly Summary'!B6-'Monthly Summary'!B5)/'Monthly Summary'!B5) -> 0.14285714 | D7: =IF('Monthly Summary'!C6="","",'Monthly Summary'!C6) -> 195000 | E7: =IF(OR('Monthly Summary'!C6="",'Monthly Summary'!C5="",'Monthly Summary'!C5=0),"",('Monthly Summary'!C6-'Monthly Summary'!C5)/'Monthly Summary'!C5) -> 0.083333333 | F7: =IF('Monthly Summary'!D6="","",'Monthly Summary'!D6) -> 0.024615385 | G7: =IF(OR('Monthly Summary'!D6="",'Monthly Summary'!D5=""),"",'Monthly Summary'!D6-'Monthly Summary'!D5) -> 0.0012820513 | H7: =IF('Monthly Summary'!E6="","",'Monthly Summary'!E6) -> 17.2 | I7: =IF(OR('Monthly Summary'!E6="",'Monthly Summary'!E5=""),"",'Monthly Summary'!E6-'Monthly Summary'!E5) -> -1.3 | J7: =IF('Monthly Summary'!F6="","",'Monthly Summary'!F6) -> 5900 | K7: =IF(OR('Monthly Summary'!F6="",'Monthly Summary'!F5="",'Monthly Summary'!F5=0),"",('Monthly Summary'!F6-'Monthly Summary'!F5)/'Monthly Summary'!F5) -> 0.13461538 | L7: =IF('Monthly Summary'!G6="","",'Monthly Summary'!G6) -> 38 | M7: =IF(OR('Monthly Summary'!G6="",'Monthly Summary'!G5="",'Monthly Summary'!G5=0),"",('Monthly Summary'!G6-'Monthly Summary'!G5)/'Monthly Summary'!G5) -> 0.26666667 | N7: =IF('Monthly Summary'!H6="","",'Monthly Summary'!H6) -> 0.006440678 | O7: =IF(OR('Monthly Summary'!H6="",'Monthly Summary'!H5=""),"",'Monthly Summary'!H6-'Monthly Summary'!H5) -> 0.0006714472 | P7: =IF('Monthly Summary'!L6="","",'Monthly Summary'!L6) -> 43 | Q7: =IF(OR('Monthly Summary'!L6="",'Monthly Summary'!L5=""),"",'Monthly Summary'!L6-'Monthly Summary'!L5) -> 1
A8: ='Monthly Summary'!A7 -> Month 3 | B8: =IF('Monthly Summary'!B7="","",'Monthly Summary'!B7) -> 5600 | C8: =IF(OR('Monthly Summary'!B7="",'Monthly Summary'!B6="",'Monthly Summary'!B6=0),"",('Monthly Summary'!B7-'Monthly Summary'!B6)/'Monthly Summary'!B6) -> 0.16666667 | D8: =IF('Monthly Summary'!C7="","",'Monthly Summary'!C7) -> 210000 | E8: =IF(OR('Monthly Summary'!C7="",'Monthly Summary'!C6="",'Monthly Summary'!C6=0),"",('Monthly Summary'!C7-'Monthly Summary'!C6)/'Monthly Summary'!C6) -> 0.076923077 | F8: =IF('Monthly Summary'!D7="","",'Monthly Summary'!D7) -> 0.026666667 | G8: =IF(OR('Monthly Summary'!D7="",'Monthly Summary'!D6=""),"",'Monthly Summary'!D7-'Monthly Summary'!D6) -> 0.0020512821 | H8: =IF('Monthly Summary'!E7="","",'Monthly Summary'!E7) -> 16 | I8: =IF(OR('Monthly Summary'!E7="",'Monthly Summary'!E6=""),"",'Monthly Summary'!E7-'Monthly Summary'!E6) -> -1.2 | J8: =IF('Monthly Summary'!F7="","",'Monthly Summary'!F7) -> 6800 | K8: =IF(OR('Monthly Summary'!F7="",'Monthly Summary'!F6="",'Monthly Summary'!F6=0),"",('Monthly Summary'!F7-'Monthly Summary'!F6)/'Monthly Summary'!F6) -> 0.15254237 | L8: =IF('Monthly Summary'!G7="","",'Monthly Summary'!G7) -> 47 | M8: =IF(OR('Monthly Summary'!G7="",'Monthly Summary'!G6="",'Monthly Summary'!G6=0),"",('Monthly Summary'!G7-'Monthly Summary'!G6)/'Monthly Summary'!G6) -> 0.23684211 | N8: =IF('Monthly Summary'!H7="","",'Monthly Summary'!H7) -> 0.0069117647 | O8: =IF(OR('Monthly Summary'!H7="",'Monthly Summary'!H6=""),"",'Monthly Summary'!H7-'Monthly Summary'!H6) -> 0.00047108674 | P8: =IF('Monthly Summary'!L7="","",'Monthly Summary'!L7) -> 44 | Q8: =IF(OR('Monthly Summary'!L7="",'Monthly Summary'!L6=""),"",'Monthly Summary'!L7-'Monthly Summary'!L6) -> 1
A9: ='Monthly Summary'!A8 -> Month 4 | B9: =IF('Monthly Summary'!B8="","",'Monthly Summary'!B8) | C9: =IF(OR('Monthly Summary'!B8="",'Monthly Summary'!B7="",'Monthly Summary'!B7=0),"",('Monthly Summary'!B8-'Monthly Summary'!B7)/'Monthly Summary'!B7) | D9: =IF('Monthly Summary'!C8="","",'Monthly Summary'!C8) | E9: =IF(OR('Monthly Summary'!C8="",'Monthly Summary'!C7="",'Monthly Summary'!C7=0),"",('Monthly Summary'!C8-'Monthly Summary'!C7)/'Monthly Summary'!C7) | F9: =IF('Monthly Summary'!D8="","",'Monthly Summary'!D8) | G9: =IF(OR('Monthly Summary'!D8="",'Monthly Summary'!D7=""),"",'Monthly Summary'!D8-'Monthly Summary'!D7) | H9: =IF('Monthly Summary'!E8="","",'Monthly Summary'!E8) | I9: =IF(OR('Monthly Summary'!E8="",'Monthly Summary'!E7=""),"",'Monthly Summary'!E8-'Monthly Summary'!E7) | J9: =IF('Monthly Summary'!F8="","",'Monthly Summary'!F8) | K9: =IF(OR('Monthly Summary'!F8="",'Monthly Summary'!F7="",'Monthly Summary'!F7=0),"",('Monthly Summary'!F8-'Monthly Summary'!F7)/'Monthly Summary'!F7) | L9: =IF('Monthly Summary'!G8="","",'Monthly Summary'!G8) | M9: =IF(OR('Monthly Summary'!G8="",'Monthly Summary'!G7="",'Monthly Summary'!G7=0),"",('Monthly Summary'!G8-'Monthly Summary'!G7)/'Monthly Summary'!G7) | N9: =IF('Monthly Summary'!H8="","",'Monthly Summary'!H8) | O9: =IF(OR('Monthly Summary'!H8="",'Monthly Summary'!H7=""),"",'Monthly Summary'!H8-'Monthly Summary'!H7) | P9: =IF('Monthly Summary'!L8="","",'Monthly Summary'!L8) | Q9: =IF(OR('Monthly Summary'!L8="",'Monthly Summary'!L7=""),"",'Monthly Summary'!L8-'Monthly Summary'!L7)
A10: ='Monthly Summary'!A9 -> Month 5 | B10: =IF('Monthly Summary'!B9="","",'Monthly Summary'!B9) | C10: =IF(OR('Monthly Summary'!B9="",'Monthly Summary'!B8="",'Monthly Summary'!B8=0),"",('Monthly Summary'!B9-'Monthly Summary'!B8)/'Monthly Summary'!B8) | D10: =IF('Monthly Summary'!C9="","",'Monthly Summary'!C9) | E10: =IF(OR('Monthly Summary'!C9="",'Monthly Summary'!C8="",'Monthly Summary'!C8=0),"",('Monthly Summary'!C9-'Monthly Summary'!C8)/'Monthly Summary'!C8) | F10: =IF('Monthly Summary'!D9="","",'Monthly Summary'!D9) | G10: =IF(OR('Monthly Summary'!D9="",'Monthly Summary'!D8=""),"",'Monthly Summary'!D9-'Monthly Summary'!D8) | H10: =IF('Monthly Summary'!E9="","",'Monthly Summary'!E9) | I10: =IF(OR('Monthly Summary'!E9="",'Monthly Summary'!E8=""),"",'Monthly Summary'!E9-'Monthly Summary'!E8) | J10: =IF('Monthly Summary'!F9="","",'Monthly Summary'!F9) | K10: =IF(OR('Monthly Summary'!F9="",'Monthly Summary'!F8="",'Monthly Summary'!F8=0),"",('Monthly Summary'!F9-'Monthly Summary'!F8)/'Monthly Summary'!F8) | L10: =IF('Monthly Summary'!G9="","",'Monthly Summary'!G9) | M10: =IF(OR('Monthly Summary'!G9="",'Monthly Summary'!G8="",'Monthly Summary'!G8=0),"",('Monthly Summary'!G9-'Monthly Summary'!G8)/'Monthly Summary'!G8) | N10: =IF('Monthly Summary'!H9="","",'Monthly Summary'!H9) | O10: =IF(OR('Monthly Summary'!H9="",'Monthly Summary'!H8=""),"",'Monthly Summary'!H9-'Monthly Summary'!H8) | P10: =IF('Monthly Summary'!L9="","",'Monthly Summary'!L9) | Q10: =IF(OR('Monthly Summary'!L9="",'Monthly Summary'!L8=""),"",'Monthly Summary'!L9-'Monthly Summary'!L8)
A11: ='Monthly Summary'!A10 -> Month 6 | B11: =IF('Monthly Summary'!B10="","",'Monthly Summary'!B10) | C11: =IF(OR('Monthly Summary'!B10="",'Monthly Summary'!B9="",'Monthly Summary'!B9=0),"",('Monthly Summary'!B10-'Monthly Summary'!B9)/'Monthly Summary'!B9) | D11: =IF('Monthly Summary'!C10="","",'Monthly Summary'!C10) | E11: =IF(OR('Monthly Summary'!C10="",'Monthly Summary'!C9="",'Monthly Summary'!C9=0),"",('Monthly Summary'!C10-'Monthly Summary'!C9)/'Monthly Summary'!C9) | F11: =IF('Monthly Summary'!D10="","",'Monthly Summary'!D10) | G11: =IF(OR('Monthly Summary'!D10="",'Monthly Summary'!D9=""),"",'Monthly Summary'!D10-'Monthly Summary'!D9) | H11: =IF('Monthly Summary'!E10="","",'Monthly Summary'!E10) | I11: =IF(OR('Monthly Summary'!E10="",'Monthly Summary'!E9=""),"",'Monthly Summary'!E10-'Monthly Summary'!E9) | J11: =IF('Monthly Summary'!F10="","",'Monthly Summary'!F10) | K11: =IF(OR('Monthly Summary'!F10="",'Monthly Summary'!F9="",'Monthly Summary'!F9=0),"",('Monthly Summary'!F10-'Monthly Summary'!F9)/'Monthly Summary'!F9) | L11: =IF('Monthly Summary'!G10="","",'Monthly Summary'!G10) | M11: =IF(OR('Monthly Summary'!G10="",'Monthly Summary'!G9="",'Monthly Summary'!G9=0),"",('Monthly Summary'!G10-'Monthly Summary'!G9)/'Monthly Summary'!G9) | N11: =IF('Monthly Summary'!H10="","",'Monthly Summary'!H10) | O11: =IF(OR('Monthly Summary'!H10="",'Monthly Summary'!H9=""),"",'Monthly Summary'!H10-'Monthly Summary'!H9) | P11: =IF('Monthly Summary'!L10="","",'Monthly Summary'!L10) | Q11: =IF(OR('Monthly Summary'!L10="",'Monthly Summary'!L9=""),"",'Monthly Summary'!L10-'Monthly Summary'!L9)
A12: ='Monthly Summary'!A11 -> Month 7 | B12: =IF('Monthly Summary'!B11="","",'Monthly Summary'!B11) | C12: =IF(OR('Monthly Summary'!B11="",'Monthly Summary'!B10="",'Monthly Summary'!B10=0),"",('Monthly Summary'!B11-'Monthly Summary'!B10)/'Monthly Summary'!B10) | D12: =IF('Monthly Summary'!C11="","",'Monthly Summary'!C11) | E12: =IF(OR('Monthly Summary'!C11="",'Monthly Summary'!C10="",'Monthly Summary'!C10=0),"",('Monthly Summary'!C11-'Monthly Summary'!C10)/'Monthly Summary'!C10) | F12: =IF('Monthly Summary'!D11="","",'Monthly Summary'!D11) | G12: =IF(OR('Monthly Summary'!D11="",'Monthly Summary'!D10=""),"",'Monthly Summary'!D11-'Monthly Summary'!D10) | H12: =IF('Monthly Summary'!E11="","",'Monthly Summary'!E11) | I12: =IF(OR('Monthly Summary'!E11="",'Monthly Summary'!E10=""),"",'Monthly Summary'!E11-'Monthly Summary'!E10) | J12: =IF('Monthly Summary'!F11="","",'Monthly Summary'!F11) | K12: =IF(OR('Monthly Summary'!F11="",'Monthly Summary'!F10="",'Monthly Summary'!F10=0),"",('Monthly Summary'!F11-'Monthly Summary'!F10)/'Monthly Summary'!F10) | L12: =IF('Monthly Summary'!G11="","",'Monthly Summary'!G11) | M12: =IF(OR('Monthly Summary'!G11="",'Monthly Summary'!G10="",'Monthly Summary'!G10=0),"",('Monthly Summary'!G11-'Monthly Summary'!G10)/'Monthly Summary'!G10) | N12: =IF('Monthly Summary'!H11="","",'Monthly Summary'!H11) | O12: =IF(OR('Monthly Summary'!H11="",'Monthly Summary'!H10=""),"",'Monthly Summary'!H11-'Monthly Summary'!H10) | P12: =IF('Monthly Summary'!L11="","",'Monthly Summary'!L11) | Q12: =IF(OR('Monthly Summary'!L11="",'Monthly Summary'!L10=""),"",'Monthly Summary'!L11-'Monthly Summary'!L10)
A13: ='Monthly Summary'!A12 -> Month 8 | B13: =IF('Monthly Summary'!B12="","",'Monthly Summary'!B12) | C13: =IF(OR('Monthly Summary'!B12="",'Monthly Summary'!B11="",'Monthly Summary'!B11=0),"",('Monthly Summary'!B12-'Monthly Summary'!B11)/'Monthly Summary'!B11) | D13: =IF('Monthly Summary'!C12="","",'Monthly Summary'!C12) | E13: =IF(OR('Monthly Summary'!C12="",'Monthly Summary'!C11="",'Monthly Summary'!C11=0),"",('Monthly Summary'!C12-'Monthly Summary'!C11)/'Monthly Summary'!C11) | F13: =IF('Monthly Summary'!D12="","",'Monthly Summary'!D12) | G13: =IF(OR('Monthly Summary'!D12="",'Monthly Summary'!D11=""),"",'Monthly Summary'!D12-'Monthly Summary'!D11) | H13: =IF('Monthly Summary'!E12="","",'Monthly Summary'!E12) | I13: =IF(OR('Monthly Summary'!E12="",'Monthly Summary'!E11=""),"",'Monthly Summary'!E12-'Monthly Summary'!E11) | J13: =IF('Monthly Summary'!F12="","",'Monthly Summary'!F12) | K13: =IF(OR('Monthly Summary'!F12="",'Monthly Summary'!F11="",'Monthly Summary'!F11=0),"",('Monthly Summary'!F12-'Monthly Summary'!F11)/'Monthly Summary'!F11) | L13: =IF('Monthly Summary'!G12="","",'Monthly Summary'!G12) | M13: =IF(OR('Monthly Summary'!G12="",'Monthly Summary'!G11="",'Monthly Summary'!G11=0),"",('Monthly Summary'!G12-'Monthly Summary'!G11)/'Monthly Summary'!G11) | N13: =IF('Monthly Summary'!H12="","",'Monthly Summary'!H12) | O13: =IF(OR('Monthly Summary'!H12="",'Monthly Summary'!H11=""),"",'Monthly Summary'!H12-'Monthly Summary'!H11) | P13: =IF('Monthly Summary'!L12="","",'Monthly Summary'!L12) | Q13: =IF(OR('Monthly Summary'!L12="",'Monthly Summary'!L11=""),"",'Monthly Summary'!L12-'Monthly Summary'!L11)
A14: ='Monthly Summary'!A13 -> Month 9 | B14: =IF('Monthly Summary'!B13="","",'Monthly Summary'!B13) | C14: =IF(OR('Monthly Summary'!B13="",'Monthly Summary'!B12="",'Monthly Summary'!B12=0),"",('Monthly Summary'!B13-'Monthly Summary'!B12)/'Monthly Summary'!B12) | D14: =IF('Monthly Summary'!C13="","",'Monthly Summary'!C13) | E14: =IF(OR('Monthly Summary'!C13="",'Monthly Summary'!C12="",'Monthly Summary'!C12=0),"",('Monthly Summary'!C13-'Monthly Summary'!C12)/'Monthly Summary'!C12) | F14: =IF('Monthly Summary'!D13="","",'Monthly Summary'!D13) | G14: =IF(OR('Monthly Summary'!D13="",'Monthly Summary'!D12=""),"",'Monthly Summary'!D13-'Monthly Summary'!D12) | H14: =IF('Monthly Summary'!E13="","",'Monthly Summary'!E13) | I14: =IF(OR('Monthly Summary'!E13="",'Monthly Summary'!E12=""),"",'Monthly Summary'!E13-'Monthly Summary'!E12) | J14: =IF('Monthly Summary'!F13="","",'Monthly Summary'!F13) | K14: =IF(OR('Monthly Summary'!F13="",'Monthly Summary'!F12="",'Monthly Summary'!F12=0),"",('Monthly Summary'!F13-'Monthly Summary'!F12)/'Monthly Summary'!F12) | L14: =IF('Monthly Summary'!G13="","",'Monthly Summary'!G13) | M14: =IF(OR('Monthly Summary'!G13="",'Monthly Summary'!G12="",'Monthly Summary'!G12=0),"",('Monthly Summary'!G13-'Monthly Summary'!G12)/'Monthly Summary'!G12) | N14: =IF('Monthly Summary'!H13="","",'Monthly Summary'!H13) | O14: =IF(OR('Monthly Summary'!H13="",'Monthly Summary'!H12=""),"",'Monthly Summary'!H13-'Monthly Summary'!H12) | P14: =IF('Monthly Summary'!L13="","",'Monthly Summary'!L13) | Q14: =IF(OR('Monthly Summary'!L13="",'Monthly Summary'!L12=""),"",'Monthly Summary'!L13-'Monthly Summary'!L12)
A15: ='Monthly Summary'!A14 -> Month 10 | B15: =IF('Monthly Summary'!B14="","",'Monthly Summary'!B14) | C15: =IF(OR('Monthly Summary'!B14="",'Monthly Summary'!B13="",'Monthly Summary'!B13=0),"",('Monthly Summary'!B14-'Monthly Summary'!B13)/'Monthly Summary'!B13) | D15: =IF('Monthly Summary'!C14="","",'Monthly Summary'!C14) | E15: =IF(OR('Monthly Summary'!C14="",'Monthly Summary'!C13="",'Monthly Summary'!C13=0),"",('Monthly Summary'!C14-'Monthly Summary'!C13)/'Monthly Summary'!C13) | F15: =IF('Monthly Summary'!D14="","",'Monthly Summary'!D14) | G15: =IF(OR('Monthly Summary'!D14="",'Monthly Summary'!D13=""),"",'Monthly Summary'!D14-'Monthly Summary'!D13) | H15: =IF('Monthly Summary'!E14="","",'Monthly Summary'!E14) | I15: =IF(OR('Monthly Summary'!E14="",'Monthly Summary'!E13=""),"",'Monthly Summary'!E14-'Monthly Summary'!E13) | J15: =IF('Monthly Summary'!F14="","",'Monthly Summary'!F14) | K15: =IF(OR('Monthly Summary'!F14="",'Monthly Summary'!F13="",'Monthly Summary'!F13=0),"",('Monthly Summary'!F14-'Monthly Summary'!F13)/'Monthly Summary'!F13) | L15: =IF('Monthly Summary'!G14="","",'Monthly Summary'!G14) | M15: =IF(OR('Monthly Summary'!G14="",'Monthly Summary'!G13="",'Monthly Summary'!G13=0),"",('Monthly Summary'!G14-'Monthly Summary'!G13)/'Monthly Summary'!G13) | N15: =IF('Monthly Summary'!H14="","",'Monthly Summary'!H14) | O15: =IF(OR('Monthly Summary'!H14="",'Monthly Summary'!H13=""),"",'Monthly Summary'!H14-'Monthly Summary'!H13) | P15: =IF('Monthly Summary'!L14="","",'Monthly Summary'!L14) | Q15: =IF(OR('Monthly Summary'!L14="",'Monthly Summary'!L13=""),"",'Monthly Summary'!L14-'Monthly Summary'!L13)
A16: ='Monthly Summary'!A15 -> Month 11 | B16: =IF('Monthly Summary'!B15="","",'Monthly Summary'!B15) | C16: =IF(OR('Monthly Summary'!B15="",'Monthly Summary'!B14="",'Monthly Summary'!B14=0),"",('Monthly Summary'!B15-'Monthly Summary'!B14)/'Monthly Summary'!B14) | D16: =IF('Monthly Summary'!C15="","",'Monthly Summary'!C15) | E16: =IF(OR('Monthly Summary'!C15="",'Monthly Summary'!C14="",'Monthly Summary'!C14=0),"",('Monthly Summary'!C15-'Monthly Summary'!C14)/'Monthly Summary'!C14) | F16: =IF('Monthly Summary'!D15="","",'Monthly Summary'!D15) | G16: =IF(OR('Monthly Summary'!D15="",'Monthly Summary'!D14=""),"",'Monthly Summary'!D15-'Monthly Summary'!D14) | H16: =IF('Monthly Summary'!E15="","",'Monthly Summary'!E15) | I16: =IF(OR('Monthly Summary'!E15="",'Monthly Summary'!E14=""),"",'Monthly Summary'!E15-'Monthly Summary'!E14) | J16: =IF('Monthly Summary'!F15="","",'Monthly Summary'!F15) | K16: =IF(OR('Monthly Summary'!F15="",'Monthly Summary'!F14="",'Monthly Summary'!F14=0),"",('Monthly Summary'!F15-'Monthly Summary'!F14)/'Monthly Summary'!F14) | L16: =IF('Monthly Summary'!G15="","",'Monthly Summary'!G15) | M16: =IF(OR('Monthly Summary'!G15="",'Monthly Summary'!G14="",'Monthly Summary'!G14=0),"",('Monthly Summary'!G15-'Monthly Summary'!G14)/'Monthly Summary'!G14) | N16: =IF('Monthly Summary'!H15="","",'Monthly Summary'!H15) | O16: =IF(OR('Monthly Summary'!H15="",'Monthly Summary'!H14=""),"",'Monthly Summary'!H15-'Monthly Summary'!H14) | P16: =IF('Monthly Summary'!L15="","",'Monthly Summary'!L15) | Q16: =IF(OR('Monthly Summary'!L15="",'Monthly Summary'!L14=""),"",'Monthly Summary'!L15-'Monthly Summary'!L14)
A17: ='Monthly Summary'!A16 -> Month 12 | B17: =IF('Monthly Summary'!B16="","",'Monthly Summary'!B16) | C17: =IF(OR('Monthly Summary'!B16="",'Monthly Summary'!B15="",'Monthly Summary'!B15=0),"",('Monthly Summary'!B16-'Monthly Summary'!B15)/'Monthly Summary'!B15) | D17: =IF('Monthly Summary'!C16="","",'Monthly Summary'!C16) | E17: =IF(OR('Monthly Summary'!C16="",'Monthly Summary'!C15="",'Monthly Summary'!C15=0),"",('Monthly Summary'!C16-'Monthly Summary'!C15)/'Monthly Summary'!C15) | F17: =IF('Monthly Summary'!D16="","",'Monthly Summary'!D16) | G17: =IF(OR('Monthly Summary'!D16="",'Monthly Summary'!D15=""),"",'Monthly Summary'!D16-'Monthly Summary'!D15) | H17: =IF('Monthly Summary'!E16="","",'Monthly Summary'!E16) | I17: =IF(OR('Monthly Summary'!E16="",'Monthly Summary'!E15=""),"",'Monthly Summary'!E16-'Monthly Summary'!E15) | J17: =IF('Monthly Summary'!F16="","",'Monthly Summary'!F16) | K17: =IF(OR('Monthly Summary'!F16="",'Monthly Summary'!F15="",'Monthly Summary'!F15=0),"",('Monthly Summary'!F16-'Monthly Summary'!F15)/'Monthly Summary'!F15) | L17: =IF('Monthly Summary'!G16="","",'Monthly Summary'!G16) | M17: =IF(OR('Monthly Summary'!G16="",'Monthly Summary'!G15="",'Monthly Summary'!G15=0),"",('Monthly Summary'!G16-'Monthly Summary'!G15)/'Monthly Summary'!G15) | N17: =IF('Monthly Summary'!H16="","",'Monthly Summary'!H16) | O17: =IF(OR('Monthly Summary'!H16="",'Monthly Summary'!H15=""),"",'Monthly Summary'!H16-'Monthly Summary'!H15) | P17: =IF('Monthly Summary'!L16="","",'Monthly Summary'!L16) | Q17: =IF(OR('Monthly Summary'!L16="",'Monthly Summary'!L15=""),"",'Monthly Summary'!L16-'Monthly Summary'!L15)
A18: ='Monthly Summary'!A17 -> Month 13 | B18: =IF('Monthly Summary'!B17="","",'Monthly Summary'!B17) | C18: =IF(OR('Monthly Summary'!B17="",'Monthly Summary'!B16="",'Monthly Summary'!B16=0),"",('Monthly Summary'!B17-'Monthly Summary'!B16)/'Monthly Summary'!B16) | D18: =IF('Monthly Summary'!C17="","",'Monthly Summary'!C17) | E18: =IF(OR('Monthly Summary'!C17="",'Monthly Summary'!C16="",'Monthly Summary'!C16=0),"",('Monthly Summary'!C17-'Monthly Summary'!C16)/'Monthly Summary'!C16) | F18: =IF('Monthly Summary'!D17="","",'Monthly Summary'!D17) | G18: =IF(OR('Monthly Summary'!D17="",'Monthly Summary'!D16=""),"",'Monthly Summary'!D17-'Monthly Summary'!D16) | H18: =IF('Monthly Summary'!E17="","",'Monthly Summary'!E17) | I18: =IF(OR('Monthly Summary'!E17="",'Monthly Summary'!E16=""),"",'Monthly Summary'!E17-'Monthly Summary'!E16) | J18: =IF('Monthly Summary'!F17="","",'Monthly Summary'!F17) | K18: =IF(OR('Monthly Summary'!F17="",'Monthly Summary'!F16="",'Monthly Summary'!F16=0),"",('Monthly Summary'!F17-'Monthly Summary'!F16)/'Monthly Summary'!F16) | L18: =IF('Monthly Summary'!G17="","",'Monthly Summary'!G17) | M18: =IF(OR('Monthly Summary'!G17="",'Monthly Summary'!G16="",'Monthly Summary'!G16=0),"",('Monthly Summary'!G17-'Monthly Summary'!G16)/'Monthly Summary'!G16) | N18: =IF('Monthly Summary'!H17="","",'Monthly Summary'!H17) | O18: =IF(OR('Monthly Summary'!H17="",'Monthly Summary'!H16=""),"",'Monthly Summary'!H17-'Monthly Summary'!H16) | P18: =IF('Monthly Summary'!L17="","",'Monthly Summary'!L17) | Q18: =IF(OR('Monthly Summary'!L17="",'Monthly Summary'!L16=""),"",'Monthly Summary'!L17-'Monthly Summary'!L16)
... A29: ='Monthly Summary'!A28 -> Month 24 | B29: =IF('Monthly Summary'!B28="","",'Monthly Summary'!B28) | C29: =IF(OR('Monthly Summary'!B28="",'Monthly Summary'!B27="",'Monthly Summary'!B27=0),"",('Monthly Summary'!B28-'Monthly Summary'!B27)/'Monthly Summary'!B27) | D29: =IF('Monthly Summary'!C28="","",'Monthly Summary'!C28) | E29: =IF(OR('Monthly Summary'!C28="",'Monthly Summary'!C27="",'Monthly Summary'!C27=0),"",('Monthly Summary'!C28-'Monthly Summary'!C27)/'Monthly Summary'!C27) | F29: =IF('Monthly Summary'!D28="","",'Monthly Summary'!D28) | G29: =IF(OR('Monthly Summary'!D28="",'Monthly Summary'!D27=""),"",'Monthly Summary'!D28-'Monthly Summary'!D27) | H29: =IF('Monthly Summary'!E28="","",'Monthly Summary'!E28) | I29: =IF(OR('Monthly Summary'!E28="",'Monthly Summary'!E27=""),"",'Monthly Summary'!E28-'Monthly Summary'!E27) | J29: =IF('Monthly Summary'!F28="","",'Monthly Summary'!F28) | K29: =IF(OR('Monthly Summary'!F28="",'Monthly Summary'!F27="",'Monthly Summary'!F27=0),"",('Monthly Summary'!F28-'Monthly Summary'!F27)/'Monthly Summary'!F27) | L29: =IF('Monthly Summary'!G28="","",'Monthly Summary'!G28) | M29: =IF(OR('Monthly Summary'!G28="",'Monthly Summary'!G27="",'Monthly Summary'!G27=0),"",('Monthly Summary'!G28-'Monthly Summary'!G27)/'Monthly Summary'!G27) | N29: =IF('Monthly Summary'!H28="","",'Monthly Summary'!H28) | O29: =IF(OR('Monthly Summary'!H28="",'Monthly Summary'!H27=""),"",'Monthly Summary'!H28-'Monthly Summary'!H27) | P29: =IF('Monthly Summary'!L28="","",'Monthly Summary'!L28) | Q29: =IF(OR('Monthly Summary'!L28="",'Monthly Summary'!L27=""),"",'Monthly Summary'!L28-'Monthly Summary'!L27)
A31: Note: green is up, red is down on the change columns. For Average Position, down is the good direction even though it prints red. Empty rows are months you have not filled yet.

Sheet Top Pages
A1: Top Pages
A2: Your best organic pages for the latest month. Blue cells are inputs. CTR and conversion rate are formulas. Sort by clicks to find your workhorses.
A4: Page | B4: Clicks | C4: Impressions | D4: CTR | E4: Avg Position | F4: Organic Users | G4: Leads | H4: Conv. Rate
A5: / | B5: 1800 | C5: 52000 | D5: =IF(OR(C5="",C5=0),"",B5/C5) -> 0.034615385 | E5: 9 | F5: 2100 | G5: 12 | H5: =IF(OR(F5="",F5=0),"",G5/F5) -> 0.0057142857
A6: /product-a | B6: 900 | C6: 38000 | D6: =IF(OR(C6="",C6=0),"",B6/C6) -> 0.023684211 | E6: 7.5 | F6: 1050 | G6: 9 | H6: =IF(OR(F6="",F6=0),"",G6/F6) -> 0.0085714286
A7: /blog/seo-guide | B7: 760 | C7: 41000 | D7: =IF(OR(C7="",C7=0),"",B7/C7) -> 0.018536585 | E7: 12 | F7: 820 | G7: 2 | H7: =IF(OR(F7="",F7=0),"",G7/F7) -> 0.0024390244
A8: /pricing | B8: 420 | C8: 9000 | D8: =IF(OR(C8="",C8=0),"",B8/C8) -> 0.046666667 | E8: 5.5 | F8: 500 | G8: 14 | H8: =IF(OR(F8="",F8=0),"",G8/F8) -> 0.028
A9: /product-b | B9: 380 | C9: 22000 | D9: =IF(OR(C9="",C9=0),"",B9/C9) -> 0.017272727 | E9: 9.8 | F9: 440 | G9: 5 | H9: =IF(OR(F9="",F9=0),"",G9/F9) -> 0.011363636
A11: The homepage and product pages usually carry clicks and leads; blog posts carry traffic that rarely converts. A page with high clicks and a weak position is your biggest upside: small ranking gains there move real numbers. Link to your converting pages from your high-traffic posts.

Sheet Top Keywords
A1: Top Keywords
A2: Your best organic queries for the latest month. Blue cells are inputs. CTR and position band are formulas.
A4: Query | B4: Clicks | C4: Impressions | D4: CTR | E4: Avg Position | F4: Position Band | G4: Type | H4: Intent
A5: your brand | B5: 1400 | C5: 9000 | D5: =IF(OR(C5="",C5=0),"",B5/C5) -> 0.15555556 | E5: 1.2 | F5: =IF(E5="","",IF(E5<=3,"1-3",IF(E5<=10,"4-10",IF(E5<=20,"11-20",IF(E5<=50,"21-50","50+"))))) -> 1-3 | G5: Brand | H5: Navigational
A6: product a software | B6: 620 | C6: 18000 | D6: =IF(OR(C6="",C6=0),"",B6/C6) -> 0.034444444 | E6: 4.5 | F6: =IF(E6="","",IF(E6<=3,"1-3",IF(E6<=10,"4-10",IF(E6<=20,"11-20",IF(E6<=50,"21-50","50+"))))) -> 4-10 | G6: Non-brand | H6: Commercial
A7: what is product b | B7: 410 | C7: 26000 | D7: =IF(OR(C7="",C7=0),"",B7/C7) -> 0.015769231 | E7: 8.1 | F7: =IF(E7="","",IF(E7<=3,"1-3",IF(E7<=10,"4-10",IF(E7<=20,"11-20",IF(E7<=50,"21-50","50+"))))) -> 4-10 | G7: Non-brand | H7: Informational
A8: product a pricing | B8: 260 | C8: 5400 | D8: =IF(OR(C8="",C8=0),"",B8/C8) -> 0.048148148 | E8: 3.2 | F8: =IF(E8="","",IF(E8<=3,"1-3",IF(E8<=10,"4-10",IF(E8<=20,"11-20",IF(E8<=50,"21-50","50+"))))) -> 4-10 | G8: Non-brand | H8: Transactional
A9: best product b tool | B9: 180 | C9: 14000 | D9: =IF(OR(C9="",C9=0),"",B9/C9) -> 0.012857143 | E9: 12.5 | F9: =IF(E9="","",IF(E9<=3,"1-3",IF(E9<=10,"4-10",IF(E9<=20,"11-20",IF(E9<=50,"21-50","50+"))))) -> 11-20 | G9: Non-brand | H9: Commercial
A11: Split brand from non-brand before you celebrate. Brand queries convert well but prove little about SEO reach. Non-brand clicks are the real growth signal. Sort by impressions with a weak position to find queries you almost rank for but do not yet earn.

Sheet Position Bands
A1: Position Bands
A2: How your ranking keywords spread across the SERP for the latest month. Blue cells are inputs. Shares are formulas.
A4: Position Band | B4: Keywords | C4: Clicks | D4: Share of Keywords | E4: Share of Clicks
A5: 1-3 | B5: 110 | C5: 4200 | D5: =IF(SUM($B$5:$B$9)=0,"",B5/SUM($B$5:$B$9)) -> 0.075862069 | E5: =IF(SUM($C$5:$C$9)=0,"",C5/SUM($C$5:$C$9)) -> 0.75
A6: 4-10 | B6: 260 | C6: 1100 | D6: =IF(SUM($B$5:$B$9)=0,"",B6/SUM($B$5:$B$9)) -> 0.17931034 | E6: =IF(SUM($C$5:$C$9)=0,"",C6/SUM($C$5:$C$9)) -> 0.19642857
A7: 11-20 | B7: 380 | C7: 260 | D7: =IF(SUM($B$5:$B$9)=0,"",B7/SUM($B$5:$B$9)) -> 0.26206897 | E7: =IF(SUM($C$5:$C$9)=0,"",C7/SUM($C$5:$C$9)) -> 0.046428571
A8: 21-50 | B8: 420 | C8: 40 | D8: =IF(SUM($B$5:$B$9)=0,"",B8/SUM($B$5:$B$9)) -> 0.28965517 | E8: =IF(SUM($C$5:$C$9)=0,"",C8/SUM($C$5:$C$9)) -> 0.0071428571
A9: 50+ | B9: 280 | C9: 0 | D9: =IF(SUM($B$5:$B$9)=0,"",B9/SUM($B$5:$B$9)) -> 0.19310345 | E9: =IF(SUM($C$5:$C$9)=0,"",C9/SUM($C$5:$C$9)) -> 0
A10: TOTAL | B10: =SUM(B5:B9) -> 1450 | C10: =SUM(C5:C9) -> 5600
A12: Most keywords sit on page two and beyond, but almost all clicks come from positions 1 to 3. The money is in the 4-10 and 11-20 bands: those are close enough to move with internal links and content refreshes. Track this monthly to see keywords climbing toward the top three.

Sheet Striking Distance
A1: Striking Distance
A2: Queries ranking in positions 4 to 20: page one or two, close enough to push up. Blue cells are inputs. CTR is a formula. Use the Action column to plan the fix.
A4: Query | B4: Current Position | C4: Impressions | D4: Clicks | E4: CTR | F4: Target Page | G4: Monthly Searches | H4: Action
A5: product a integration | B5: 6.4 | C5: 12000 | D5: 180 | E5: =IF(OR(C5="",C5=0),"",D5/C5) -> 0.015 | F5: /product-a | G5: 1900 | H5: Add internal links from blog
A6: product b pricing | B6: 8.1 | C6: 8800 | D6: 140 | E6: =IF(OR(C6="",C6=0),"",D6/C6) -> 0.015909091 | F6: /pricing | G6: 1300 | H6: Improve title and meta
A7: product a vs competitor | B7: 11.2 | C7: 9500 | D7: 90 | E7: =IF(OR(C7="",C7=0),"",D7/C7) -> 0.0094736842 | F7: /compare | G7: 2400 | H7: Expand the comparison page
A8: how to use product b | B8: 14.5 | C8: 7200 | D8: 40 | E8: =IF(OR(C8="",C8=0),"",D8/C8) -> 0.0055555556 | F8: /blog/how-to | G8: 880 | H8: Refresh content, add FAQ
A9: product a for enterprise | B9: 17 | C9: 4100 | D9: 18 | E9: =IF(OR(C9="",C9=0),"",D9/C9) -> 0.0043902439 | F9: /enterprise | G9: 590 | H9: Build a dedicated page
A11: This is the fastest path to more traffic. These queries already rank on page one or two, so you are not starting from zero. Prioritize the ones with the most impressions and the weakest CTR: a few internal links, a sharper title, or a content refresh can move them into the click-earning positions within weeks.

Sheet Core Web Vitals
A1: Core Web Vitals
A2: Page experience for your key pages (mobile). Blue cells are inputs from PageSpeed. Status is a formula.
A4: Page | B4: Performance | C4: LCP (s) | D4: CLS | E4: INP (ms) | F4: Status
A5: / | B5: 62 | C5: 2.1 | D5: 0.08 | E5: 180 | F5: =IF(C5="","",IF(AND(C5<=2.5,D5<=0.1,E5<=200),"Pass",IF(OR(C5>4,D5>0.25,E5>500),"Poor","Needs work"))) -> Pass
A6: /product-a | B6: 54 | C6: 3 | D6: 0.12 | E6: 260 | F6: =IF(C6="","",IF(AND(C6<=2.5,D6<=0.1,E6<=200),"Pass",IF(OR(C6>4,D6>0.25,E6>500),"Poor","Needs work"))) -> Needs work
A7: /blog/seo-guide | B7: 78 | C7: 1.8 | D7: 0.05 | E7: 140 | F7: =IF(C7="","",IF(AND(C7<=2.5,D7<=0.1,E7<=200),"Pass",IF(OR(C7>4,D7>0.25,E7>500),"Poor","Needs work"))) -> Pass
A8: /pricing | B8: 69 | C8: 2.4 | D8: 0.09 | E8: 210 | F8: =IF(C8="","",IF(AND(C8<=2.5,D8<=0.1,E8<=200),"Pass",IF(OR(C8>4,D8>0.25,E8>500),"Poor","Needs work"))) -> Needs work
A9: /product-b | B9: 48 | C9: 3.6 | D9: 0.22 | E9: 420 | F9: =IF(C9="","",IF(AND(C9<=2.5,D9<=0.1,E9<=200),"Pass",IF(OR(C9>4,D9>0.25,E9>500),"Poor","Needs work"))) -> Needs work
A11: Core Web Vitals are a ranking factor and a conversion factor. LCP is usually the one to chase first: compress hero images, defer scripts, and cache. A page marked Poor on a high-traffic URL is worth a developer ticket this sprint, not next quarter.

Sheet Authority & Backlinks
A1: Authority & Backlinks
A2: Link growth over time, from Ahrefs. Blue cells are inputs. Net new is a formula.
A4: Month | B4: Domain Rating | C4: Referring Domains | D4: Total Backlinks | E4: New Ref Domains | F4: Lost Ref Domains | G4: Net New
A5: Month 1 | B5: 42 | C5: 340 | D5: 5200 | E5: 18 | F5: 6 | G5: =IF(OR(E5="",F5=""),"",E5-F5) -> 12
A6: Month 2 | B6: 43 | C6: 352 | D6: 5600 | E6: 20 | F6: 8 | G6: =IF(OR(E6="",F6=""),"",E6-F6) -> 12
A7: Month 3 | B7: 44 | C7: 365 | D7: 6100 | E7: 24 | F7: 11 | G7: =IF(OR(E7="",F7=""),"",E7-F7) -> 13
A8: Month 4 | G8: =IF(OR(E8="",F8=""),"",E8-F8)
A9: Month 5 | G9: =IF(OR(E9="",F9=""),"",E9-F9)
A10: Month 6 | G10: =IF(OR(E10="",F10=""),"",E10-F10)
A11: Month 7 | G11: =IF(OR(E11="",F11=""),"",E11-F11)
A12: Month 8 | G12: =IF(OR(E12="",F12=""),"",E12-F12)
A13: Month 9 | G13: =IF(OR(E13="",F13=""),"",E13-F13)
A14: Month 10 | G14: =IF(OR(E14="",F14=""),"",E14-F14)
A15: Month 11 | G15: =IF(OR(E15="",F15=""),"",E15-F15)
A16: Month 12 | G16: =IF(OR(E16="",F16=""),"",E16-F16)
A18: Links move slowly, so read this quarter on quarter, not week on week. Net new referring domains is the number that matters: steady positive net new is what lifts domain rating over time. A month of heavy losses is worth investigating, since it often means expired pages or a cleanup on a linking site.

Sheet Flags & Fixes
A1: Flags & Fixes
A2: The SEO issues worth checking every month, what each means, and the fix. Replace the sample notes with what you find.
A4: Priority | B4: Flag | C4: What it means | D4: Where to check | E4: Fix
A5: High | B5: Clicks falling | C5: Organic traffic is dropping month on month. | D5: Monthly Summary, Month-on-Month | E5: Check for ranking drops, lost pages, or a Google update. Compare top pages period on period.
A6: High | B6: Impressions up, clicks flat | C6: You rank but do not earn the click. | D6: Monthly Summary (CTR) | E6: Rewrite titles and meta descriptions on high-impression pages. Add structured data for rich results.
A7: High | B7: Core Web Vitals poor | C7: Slow or unstable pages hurt rankings and conversions. | D7: Core Web Vitals | E7: Fix LCP first: compress images, defer scripts, cache. Raise a developer ticket for Poor pages.
A8: Medium | B8: Striking-distance keywords ignored | C8: Page-one and page-two queries left unoptimized. | D8: Striking Distance | E8: Add internal links, refresh content, and sharpen titles on those target pages.
A9: Medium | B9: Brand share too high | C9: Most clicks come from your own brand, not new demand. | D9: Top Keywords | E9: Build non-brand content for commercial and informational queries in your space.
A10: Medium | B10: Referring domains lost | C10: More links lost than gained over the period. | D10: Authority & Backlinks | E10: Investigate lost links. Reclaim or replace high-value ones. Keep publishing link-worthy content.

Sheet Definitions
A1: Definitions
A2: Plain-language meaning of every metric in this workbook.
A4: Metric | B4: What it means | C4: Good direction
A5: Clicks | B5: Organic clicks from Google search, via Search Console. | C5: Higher
A6: Impressions | B6: Times your pages appeared in unpaid search results. | C6: Higher with intent
A7: CTR | B7: Organic click-through rate. Clicks divided by impressions. | C7: Higher
A8: Avg Position | B8: Average ranking across queries. Lower is better. | C8: Lower
A9: Organic Users | B9: GA4 users whose session came from organic search. | C9: Higher
A10: Organic Leads | B10: Leads from organic sessions, via your GA4 lead event. | C10: Higher
A11: Conv. Rate | B11: Organic leads divided by organic users. | C11: Higher
A12: Ranking Keywords | B12: Number of keywords the site ranks for. | C12: Higher
A13: Keywords in Top 3 | B13: How many keywords sit in positions 1 to 3. | C13: Higher
A14: Position Band | B14: The ranking bucket: 1-3, 4-10, 11-20, 21-50, 50+. | C14: Move up
A15: Referring Domains | B15: Unique domains linking to your site. | C15: Higher
... A20: INP | B20: Interaction to Next Paint, ms. Aim 200 or less. | C20: Lower

Sheet Sources
A1: Sources
A2: Where the data comes from and how to pull it. Replace the placeholders with yours.
A4: Source | B4: Account | C4: Open | D4: What you get
A5: Google Search Console | B5: <your verified domain property> | C5: Open | D5: Clicks, impressions, CTR, average position, queries, and pages
A6: Google Analytics 4 | B6: Property <YOUR-GA4-ID> | C6: Open | D6: Organic-search users, engagement, and leads
A7: Ahrefs | B7: <your domain> | C7: Open | D7: Ranking keywords, referring domains, domain rating, backlinks, striking distance
A8: PageSpeed Insights | B8: Per-URL mobile audit | C8: Open | D8: Performance score, LCP, CLS, INP
A9: Windsor.ai | B9: Connector that feeds Claude | C9: Open | D9: Pulls Search Console and GA4 into this workbook through Claude
