Workbook

Sheet Guide
A1: Your Company Marketing Command Center
A2: Executive reporting workbook · green-themed, formula-driven, built to update every month and quarter
B4: How this workbook is built
B5: One source of truth | C5: Type your numbers once each month into the KPI Monthly tab. The Executive Summary, Month-on-Month and Quarterly tabs read from it with formulas and recompute on their own.
B6: Add a month | C6: Open KPI Monthly. The month and quarter labels through Dec 2027 are already laid out. Find the new month row and fill the blue input cells. The grey formula cells (conversion rate, cost per lead, organic CTR) fill themselves.
B7: Add a quarter | C7: Nothing to do. The Quarterly tab groups months by the quarter label automatically. Once three months of a quarter are in, the quarter-on-quarter change is live.
B8: Pick the reporting month | C8: On the Executive Summary tab, use the green dropdown at the top to choose which month the scorecard shows. Everything below it follows that choice.
B9: Filter anything | C9: Every data tab has filter arrows in the header row. Click them to slice by product, channel, geography or month. The deep-dive tabs carry a Month column so future months stack underneath and stay filterable.
B11: Reading the colours
B12: Blue numbers | C12: You type these. Inputs you update each month.
B13: Black numbers | C13: Formulas. Leave them alone and they stay correct.
B14: Green numbers | C14: Links that pull from another tab.
B15: Yellow cells | C15: Targets and the month selector. Change these to re-baseline.
B17: Hover for definitions | C17: Cells with a small red corner have a plain-language definition. Hover to read it. Every metric is also spelled out on the Definitions tab.
B18: Where the numbers come from | C18: The Sources tab lists each tool, the exact account, a direct link, and the filters to match so anyone can verify a figure at source.
B20: On the data
B21: This workbook is a TEMPLATE. Every number shown is placeholder sample data to show the structure. Fill the KPI Monthly tab one row per month, and replace the SAMPLE rows on each deep-dive tab with your own pull. The fastest way is Claude plus the Windsor.ai connector: ask Claude to pull GA4, Search Console, Google Ads, LinkedIn and PageSpeed, then let it write each tab (see the README for the exact prompts). Percentages are stored as values (26.0% = 0.26). Month and quarter labels extend as far as you need.

Sheet Executive Summary
A1: Executive Summary | J1: engine
A2: Pick a month. The scorecard, the comparisons and the read-outs all follow your choice. | J2: =IFERROR(MATCH($B$4,'KPI Monthly'!$A$5:$A$28,0),1) -> 1
A4: Reporting month | B4: Jun 2026 | C4: Change this dropdown to refresh everything below. Add new months on KPI Monthly and they appear here.
A6: Metric | B6: This month | C6: Prior month | D6: MoM change | E6: Target | F6: Status | G6: What it means
A7: Total Users | B7: =IFERROR(INDEX('KPI Monthly'!$D$5:$D$28,$J$2),"") -> 5000 | C7: =IF($J$2>1,IFERROR(INDEX('KPI Monthly'!$D$5:$D$28,$J$2-1),""),"") | D7: =IF(OR(C7="",C7=0),"",(B7-C7)/C7) | E7: n/a | F7: =IF(OR(D7="",D7=0),"Flat",IF(D7>0,"Improving","Down")) -> Flat | G7: =IF(OR(D7="",D7=0),"Holding steady versus last month.",IF(D7>0,"Total users are growing month on month.","Total users dipped versus last month; check channel mix.")) -> Holding steady versus last month.
A8: Qualified Leads | B8: =IFERROR(INDEX('KPI Monthly'!$H$5:$H$28,$J$2),"") -> 30 | C8: =IF($J$2>1,IFERROR(INDEX('KPI Monthly'!$H$5:$H$28,$J$2-1),""),"") | D8: =IF(OR(C8="",C8=0),"",(B8-C8)/C8) | E8: n/a | F8: =IF(OR(D8="",D8=0),"Flat",IF(D8>0,"Improving","Down")) -> Flat | G8: =IF(OR(D8="",D8=0),"Holding steady versus last month.",IF(D8>0,"Qualified lead volume is up on the prior month.","Qualified leads fell against last month; review forms and tracking.")) -> Holding steady versus last month.
A9: Conversion Rate | B9: =IFERROR(INDEX('KPI Monthly'!$I$5:$I$28,$J$2),"") -> 0.006 | C9: =IF($J$2>1,IFERROR(INDEX('KPI Monthly'!$I$5:$I$28,$J$2-1),""),"") | D9: =IF(OR(C9="",C9=0),"",(B9-C9)/C9) | E9: n/a | F9: =IF(OR(D9="",D9=0),"Flat",IF(D9>0,"Improving","Down")) -> Flat | G9: =IF(OR(D9="",D9=0),"Holding steady versus last month.",IF(D9>0,"More of your visits are turning into leads.","Fewer visits convert; tighten landing pages and CTAs.")) -> Holding steady versus last month.
A10: Engagement Rate | B10: =IFERROR(INDEX('KPI Monthly'!$E$5:$E$28,$J$2),"") -> 0.45 | C10: =IF($J$2>1,IFERROR(INDEX('KPI Monthly'!$E$5:$E$28,$J$2-1),""),"") | D10: =IF(OR(C10="",C10=0),"",(B10-C10)/C10) | E10: 0.4 | F10: =IF(B10="","",IF(B10>=E10,"On track",IF(B10>=E10*0.9,"Watch","Off target"))) -> On track | G10: =IF(B10="","",IF(B10>=E10,"At or above the 40% engagement goal.","Below the 40% goal; lift on-page relevance and speed.")) -> At or above the 40% engagement goal.
A11: Bounce Rate | B11: =IFERROR(INDEX('KPI Monthly'!$F$5:$F$28,$J$2),"") -> 0.55 | C11: =IF($J$2>1,IFERROR(INDEX('KPI Monthly'!$F$5:$F$28,$J$2-1),""),"") | D11: =IF(OR(C11="",C11=0),"",(B11-C11)/C11) | E11: 0.65 | F11: =IF(B11="","",IF(B11<=E11,"On track",IF(B11<=E11*1.1,"Watch","Off target"))) -> On track | G11: =IF(B11="","",IF(B11<=E11,"Under the 65% bounce ceiling.","Over the 65% ceiling; fix intent match above the fold.")) -> Under the 65% bounce ceiling.
A12: Paid Spend ($) | B12: =IFERROR(INDEX('KPI Monthly'!$J$5:$J$28,$J$2),"") -> 1200 | C12: =IF($J$2>1,IFERROR(INDEX('KPI Monthly'!$J$5:$J$28,$J$2-1),""),"") | D12: =IF(OR(C12="",C12=0),"",(B12-C12)/C12) | E12: n/a | F12: ="n/a" -> n/a | G12: ="Spend level for the month, for context." -> Spend level for the month, for context.
A13: Cost / Lead ($) | B13: =IFERROR(INDEX('KPI Monthly'!$K$5:$K$28,$J$2),"") -> 40 | C13: =IF($J$2>1,IFERROR(INDEX('KPI Monthly'!$K$5:$K$28,$J$2-1),""),"") | D13: =IF(OR(C13="",C13=0),"",(B13-C13)/C13) | E13: 25 | F13: =IF(B13="","",IF(B13<=E13,"On track",IF(B13<=E13*1.1,"Watch","Off target"))) -> Off target | G13: =IF(B13="","",IF(B13<=E13,"At or under the $25 blended CPL target.","Above the $25 CPL target; pause zero-conversion spend.")) -> Above the $25 CPL target; pause zero-conversion spend.
A14: Organic Clicks | B14: =IFERROR(INDEX('KPI Monthly'!$L$5:$L$28,$J$2),"") -> 800 | C14: =IF($J$2>1,IFERROR(INDEX('KPI Monthly'!$L$5:$L$28,$J$2-1),""),"") | D14: =IF(OR(C14="",C14=0),"",(B14-C14)/C14) | E14: n/a | F14: =IF(OR(D14="",D14=0),"Flat",IF(D14>0,"Improving","Down")) -> Flat | G14: =IF(OR(D14="",D14=0),"Holding steady versus last month.",IF(D14>0,"Organic clicks are climbing.","Organic clicks slipped; check rankings and CTR.")) -> Holding steady versus last month.
A15: Organic CTR | B15: =IFERROR(INDEX('KPI Monthly'!$N$5:$N$28,$J$2),"") -> 0.02 | C15: =IF($J$2>1,IFERROR(INDEX('KPI Monthly'!$N$5:$N$28,$J$2-1),""),"") | D15: =IF(OR(C15="",C15=0),"",(B15-C15)/C15) | E15: 0.01 | F15: =IF(B15="","",IF(B15>=E15,"On track",IF(B15>=E15*0.9,"Watch","Off target"))) -> On track | G15: =IF(B15="","",IF(B15>=E15,"Above the 1% organic CTR floor.","Under the 1% floor; rewrite titles and meta descriptions.")) -> Above the 1% organic CTR floor.
A16: Avg Position | B16: =IFERROR(INDEX('KPI Monthly'!$O$5:$O$28,$J$2),"") -> 12 | C16: =IF($J$2>1,IFERROR(INDEX('KPI Monthly'!$O$5:$O$28,$J$2-1),""),"") | D16: =IF(OR(C16="",C16=0),"",(B16-C16)/C16) | E16: n/a | F16: =IF(OR(D16="",D16=0),"Flat",IF(D16<0,"Improving","Down")) -> Flat | G16: =IF(OR(D16="",D16=0),"Holding steady versus last month.",IF(D16<0,"Average rank improved (moved toward 1).","Average rank slipped; refresh striking-distance pages.")) -> Holding steady versus last month.
A17: Non-brand Share | B17: =IFERROR(INDEX('KPI Monthly'!$Q$5:$Q$28,$J$2),"") -> 0.35 | C17: =IF($J$2>1,IFERROR(INDEX('KPI Monthly'!$Q$5:$Q$28,$J$2-1),""),"") | D17: =IF(OR(C17="",C17=0),"",(B17-C17)/C17) | E17: n/a | F17: =IF(OR(D17="",D17=0),"Flat",IF(D17>0,"Improving","Down")) -> Flat | G17: =IF(OR(D17="",D17=0),"Holding steady versus last month.",IF(D17>0,"More clicks come from non-brand demand. Real growth.","Non-brand share is flat or down; invest in topical clusters.")) -> Holding steady versus last month.
A18: AI Citations | B18: =IFERROR(INDEX('KPI Monthly'!$S$5:$S$28,$J$2),"") -> 0 | C18: =IF($J$2>1,IFERROR(INDEX('KPI Monthly'!$S$5:$S$28,$J$2-1),""),"") | D18: =IF(OR(C18="",C18=0),"",(B18-C18)/C18) | E18: n/a | F18: =IF(OR(D18="",D18=0),"Flat",IF(D18>0,"Improving","Down")) -> Flat | G18: =IF(OR(D18="",D18=0),"Holding steady versus last month.",IF(D18>0,"AI engines cite you more often.","AI citations are not growing; add schema and citable stats.")) -> Holding steady versus last month.
A20: Insight call-outs
A21: =IF($B$4="","","Biggest lever this month: "&IF(INDEX('KPI Monthly'!$Q$5:$Q$28,$J$2)<0.35,"non-brand share is still the growth ceiling. ","brand demand is healthy; push deeper non-brand clusters. ")&"Cost per lead is "&TEXT(IFERROR(INDEX('KPI Monthly'!$K$5:$K$28,$J$2),0),"$#,##0")&IF(IFERROR(INDEX('KPI Monthly'!$K$5:$K$28,$J$2),0)<=25," (under the $25 target). "," (over the $25 target; pause zero-conversion spend). ")&"AI engines cited Your Company "&TEXT(IFERROR(INDEX('KPI Monthly'!$S$5:$S$28,$J$2),0),"#,##0")&" times.") -> Biggest lever this month: brand demand is healthy; push deeper non-brand clusters. Cost per lead is $40 (over the $25 target; pause zero-conversion spend). AI engines cited Your Company 0 times.

Sheet KPI Monthly
A1: KPI Monthly: single source of truth
A2: Fill the blue cells once a month. Grey cells are formulas. Everything else in the workbook reads from here.
A4: Month | B4: Quarter | C4: Type | D4: Users | E4: Engagement Rate | F4: Bounce Rate | G4: Avg Session (sec) | H4: Qualified Leads | I4: Conversion Rate | J4: Paid Spend ($) | K4: Cost / Lead ($) | L4: Organic Clicks | M4: Organic Impr. | N4: Organic CTR | O4: Avg Position | P4: Ranking Keywords | Q4: Non-brand Share | R4: AI Mentions | S4: AI Citations | T4: AI Ref. Sessions | U4: AI Ref. Leads
A5: Month 1 | B5: Q1 | C5: Sample | D5: 5000 | E5: 0.45 | F5: 0.55 | G5: 65 | H5: 30 | I5: =IF(D5="","",H5/D5) -> 0.006 | J5: 1200 | K5: =IF(OR(H5="",H5=0),"",J5/H5) -> 40 | L5: 800 | M5: 40000 | N5: =IF(OR(M5="",M5=0),"",L5/M5) -> 0.02 | O5: 12 | P5: 250 | Q5: 0.35 | T5: 20 | U5: 1
A6: Month 2 | B6: Q1 | C6: Sample | D6: 6200 | E6: 0.47 | F6: 0.53 | G6: 68 | H6: 41 | I6: =IF(D6="","",H6/D6) -> 0.0066129032 | J6: 1500 | K6: =IF(OR(H6="",H6=0),"",J6/H6) -> 36.585366 | L6: 870 | M6: 43000 | N6: =IF(OR(M6="",M6=0),"",L6/M6) -> 0.020232558 | O6: 11.2 | P6: 268 | Q6: 0.37 | T6: 26 | U6: 2
A7: Month 3 | B7: Q1 | I7: =IF(D7="","",H7/D7) | K7: =IF(OR(H7="",H7=0),"",J7/H7) | N7: =IF(OR(M7="",M7=0),"",L7/M7)
A8: Month 4 | B8: Q2 | I8: =IF(D8="","",H8/D8) | K8: =IF(OR(H8="",H8=0),"",J8/H8) | N8: =IF(OR(M8="",M8=0),"",L8/M8)
A9: Month 5 | B9: Q2 | I9: =IF(D9="","",H9/D9) | K9: =IF(OR(H9="",H9=0),"",J9/H9) | N9: =IF(OR(M9="",M9=0),"",L9/M9)
A10: Month 6 | B10: Q2 | I10: =IF(D10="","",H10/D10) | K10: =IF(OR(H10="",H10=0),"",J10/H10) | N10: =IF(OR(M10="",M10=0),"",L10/M10)
A11: Month 7 | B11: Q3 | I11: =IF(D11="","",H11/D11) | K11: =IF(OR(H11="",H11=0),"",J11/H11) | N11: =IF(OR(M11="",M11=0),"",L11/M11)
A12: Month 8 | B12: Q3 | I12: =IF(D12="","",H12/D12) | K12: =IF(OR(H12="",H12=0),"",J12/H12) | N12: =IF(OR(M12="",M12=0),"",L12/M12)
A13: Month 9 | B13: Q3 | I13: =IF(D13="","",H13/D13) | K13: =IF(OR(H13="",H13=0),"",J13/H13) | N13: =IF(OR(M13="",M13=0),"",L13/M13)
A14: Month 10 | B14: Q4 | I14: =IF(D14="","",H14/D14) | K14: =IF(OR(H14="",H14=0),"",J14/H14) | N14: =IF(OR(M14="",M14=0),"",L14/M14)
A15: Month 11 | B15: Q4 | I15: =IF(D15="","",H15/D15) | K15: =IF(OR(H15="",H15=0),"",J15/H15) | N15: =IF(OR(M15="",M15=0),"",L15/M15)
A16: Month 12 | B16: Q4 | I16: =IF(D16="","",H16/D16) | K16: =IF(OR(H16="",H16=0),"",J16/H16) | N16: =IF(OR(M16="",M16=0),"",L16/M16)
A17: Month 13 | B17: Q5 | I17: =IF(D17="","",H17/D17) | K17: =IF(OR(H17="",H17=0),"",J17/H17) | N17: =IF(OR(M17="",M17=0),"",L17/M17)
A18: Month 14 | B18: Q5 | I18: =IF(D18="","",H18/D18) | K18: =IF(OR(H18="",H18=0),"",J18/H18) | N18: =IF(OR(M18="",M18=0),"",L18/M18)
... A28: Month 24 | B28: Q8 | I28: =IF(D28="","",H28/D28) | K28: =IF(OR(H28="",H28=0),"",J28/H28) | N28: =IF(OR(M28="",M28=0),"",L28/M28)
A30: Blue = type it in. Grey = formula, do not edit. Percentages are stored as values (26.0% = 0.26). Month and quarter labels run through Dec 2027. Just fill the blue cells as each month closes.

Sheet Month-on-Month
A1: Month-on-Month
A2: Change versus the previous month. Volume metrics show % change, rate metrics show change in percentage points (pp).
A4: Month | B4: Total Users | C4: Qualified Leads | D4: Conv. Rate (pp) | E4: Paid Spend | F4: Cost / Lead | G4: Organic Clicks | H4: Non-brand (pp) | I4: AI Citations
A5: ='KPI Monthly'!A5 -> Month 1 | B5: ="n/a" -> n/a | C5: ="n/a" -> n/a | D5: ="n/a" -> n/a | E5: ="n/a" -> n/a | F5: ="n/a" -> n/a | G5: ="n/a" -> n/a | H5: ="n/a" -> n/a | I5: ="n/a" -> n/a
A6: ='KPI Monthly'!A6 -> Month 2 | B6: =IF(OR('KPI Monthly'!D6="",'KPI Monthly'!D5="",'KPI Monthly'!D5=0),"",('KPI Monthly'!D6-'KPI Monthly'!D5)/'KPI Monthly'!D5) -> 0.24 | C6: =IF(OR('KPI Monthly'!H6="",'KPI Monthly'!H5="",'KPI Monthly'!H5=0),"",('KPI Monthly'!H6-'KPI Monthly'!H5)/'KPI Monthly'!H5) -> 0.36666667 | D6: =IF(OR('KPI Monthly'!I6="",'KPI Monthly'!I5=""),"",'KPI Monthly'!I6-'KPI Monthly'!I5) -> 0.00061290323 | E6: =IF(OR('KPI Monthly'!J6="",'KPI Monthly'!J5="",'KPI Monthly'!J5=0),"",('KPI Monthly'!J6-'KPI Monthly'!J5)/'KPI Monthly'!J5) -> 0.25 | F6: =IF(OR('KPI Monthly'!K6="",'KPI Monthly'!K5="",'KPI Monthly'!K5=0),"",('KPI Monthly'!K6-'KPI Monthly'!K5)/'KPI Monthly'!K5) -> -0.085365854 | G6: =IF(OR('KPI Monthly'!L6="",'KPI Monthly'!L5="",'KPI Monthly'!L5=0),"",('KPI Monthly'!L6-'KPI Monthly'!L5)/'KPI Monthly'!L5) -> 0.0875 | H6: =IF(OR('KPI Monthly'!Q6="",'KPI Monthly'!Q5=""),"",'KPI Monthly'!Q6-'KPI Monthly'!Q5) -> 0.02 | I6: =IF(OR('KPI Monthly'!S6="",'KPI Monthly'!S5="",'KPI Monthly'!S5=0),"",('KPI Monthly'!S6-'KPI Monthly'!S5)/'KPI Monthly'!S5)
A7: ='KPI Monthly'!A7 -> Month 3 | B7: =IF(OR('KPI Monthly'!D7="",'KPI Monthly'!D6="",'KPI Monthly'!D6=0),"",('KPI Monthly'!D7-'KPI Monthly'!D6)/'KPI Monthly'!D6) | C7: =IF(OR('KPI Monthly'!H7="",'KPI Monthly'!H6="",'KPI Monthly'!H6=0),"",('KPI Monthly'!H7-'KPI Monthly'!H6)/'KPI Monthly'!H6) | D7: =IF(OR('KPI Monthly'!I7="",'KPI Monthly'!I6=""),"",'KPI Monthly'!I7-'KPI Monthly'!I6) | E7: =IF(OR('KPI Monthly'!J7="",'KPI Monthly'!J6="",'KPI Monthly'!J6=0),"",('KPI Monthly'!J7-'KPI Monthly'!J6)/'KPI Monthly'!J6) | F7: =IF(OR('KPI Monthly'!K7="",'KPI Monthly'!K6="",'KPI Monthly'!K6=0),"",('KPI Monthly'!K7-'KPI Monthly'!K6)/'KPI Monthly'!K6) | G7: =IF(OR('KPI Monthly'!L7="",'KPI Monthly'!L6="",'KPI Monthly'!L6=0),"",('KPI Monthly'!L7-'KPI Monthly'!L6)/'KPI Monthly'!L6) | H7: =IF(OR('KPI Monthly'!Q7="",'KPI Monthly'!Q6=""),"",'KPI Monthly'!Q7-'KPI Monthly'!Q6) | I7: =IF(OR('KPI Monthly'!S7="",'KPI Monthly'!S6="",'KPI Monthly'!S6=0),"",('KPI Monthly'!S7-'KPI Monthly'!S6)/'KPI Monthly'!S6)
A8: ='KPI Monthly'!A8 -> Month 4 | B8: =IF(OR('KPI Monthly'!D8="",'KPI Monthly'!D7="",'KPI Monthly'!D7=0),"",('KPI Monthly'!D8-'KPI Monthly'!D7)/'KPI Monthly'!D7) | C8: =IF(OR('KPI Monthly'!H8="",'KPI Monthly'!H7="",'KPI Monthly'!H7=0),"",('KPI Monthly'!H8-'KPI Monthly'!H7)/'KPI Monthly'!H7) | D8: =IF(OR('KPI Monthly'!I8="",'KPI Monthly'!I7=""),"",'KPI Monthly'!I8-'KPI Monthly'!I7) | E8: =IF(OR('KPI Monthly'!J8="",'KPI Monthly'!J7="",'KPI Monthly'!J7=0),"",('KPI Monthly'!J8-'KPI Monthly'!J7)/'KPI Monthly'!J7) | F8: =IF(OR('KPI Monthly'!K8="",'KPI Monthly'!K7="",'KPI Monthly'!K7=0),"",('KPI Monthly'!K8-'KPI Monthly'!K7)/'KPI Monthly'!K7) | G8: =IF(OR('KPI Monthly'!L8="",'KPI Monthly'!L7="",'KPI Monthly'!L7=0),"",('KPI Monthly'!L8-'KPI Monthly'!L7)/'KPI Monthly'!L7) | H8: =IF(OR('KPI Monthly'!Q8="",'KPI Monthly'!Q7=""),"",'KPI Monthly'!Q8-'KPI Monthly'!Q7) | I8: =IF(OR('KPI Monthly'!S8="",'KPI Monthly'!S7="",'KPI Monthly'!S7=0),"",('KPI Monthly'!S8-'KPI Monthly'!S7)/'KPI Monthly'!S7)
A9: ='KPI Monthly'!A9 -> Month 5 | B9: =IF(OR('KPI Monthly'!D9="",'KPI Monthly'!D8="",'KPI Monthly'!D8=0),"",('KPI Monthly'!D9-'KPI Monthly'!D8)/'KPI Monthly'!D8) | C9: =IF(OR('KPI Monthly'!H9="",'KPI Monthly'!H8="",'KPI Monthly'!H8=0),"",('KPI Monthly'!H9-'KPI Monthly'!H8)/'KPI Monthly'!H8) | D9: =IF(OR('KPI Monthly'!I9="",'KPI Monthly'!I8=""),"",'KPI Monthly'!I9-'KPI Monthly'!I8) | E9: =IF(OR('KPI Monthly'!J9="",'KPI Monthly'!J8="",'KPI Monthly'!J8=0),"",('KPI Monthly'!J9-'KPI Monthly'!J8)/'KPI Monthly'!J8) | F9: =IF(OR('KPI Monthly'!K9="",'KPI Monthly'!K8="",'KPI Monthly'!K8=0),"",('KPI Monthly'!K9-'KPI Monthly'!K8)/'KPI Monthly'!K8) | G9: =IF(OR('KPI Monthly'!L9="",'KPI Monthly'!L8="",'KPI Monthly'!L8=0),"",('KPI Monthly'!L9-'KPI Monthly'!L8)/'KPI Monthly'!L8) | H9: =IF(OR('KPI Monthly'!Q9="",'KPI Monthly'!Q8=""),"",'KPI Monthly'!Q9-'KPI Monthly'!Q8) | I9: =IF(OR('KPI Monthly'!S9="",'KPI Monthly'!S8="",'KPI Monthly'!S8=0),"",('KPI Monthly'!S9-'KPI Monthly'!S8)/'KPI Monthly'!S8)
A10: ='KPI Monthly'!A10 -> Month 6 | B10: =IF(OR('KPI Monthly'!D10="",'KPI Monthly'!D9="",'KPI Monthly'!D9=0),"",('KPI Monthly'!D10-'KPI Monthly'!D9)/'KPI Monthly'!D9) | C10: =IF(OR('KPI Monthly'!H10="",'KPI Monthly'!H9="",'KPI Monthly'!H9=0),"",('KPI Monthly'!H10-'KPI Monthly'!H9)/'KPI Monthly'!H9) | D10: =IF(OR('KPI Monthly'!I10="",'KPI Monthly'!I9=""),"",'KPI Monthly'!I10-'KPI Monthly'!I9) | E10: =IF(OR('KPI Monthly'!J10="",'KPI Monthly'!J9="",'KPI Monthly'!J9=0),"",('KPI Monthly'!J10-'KPI Monthly'!J9)/'KPI Monthly'!J9) | F10: =IF(OR('KPI Monthly'!K10="",'KPI Monthly'!K9="",'KPI Monthly'!K9=0),"",('KPI Monthly'!K10-'KPI Monthly'!K9)/'KPI Monthly'!K9) | G10: =IF(OR('KPI Monthly'!L10="",'KPI Monthly'!L9="",'KPI Monthly'!L9=0),"",('KPI Monthly'!L10-'KPI Monthly'!L9)/'KPI Monthly'!L9) | H10: =IF(OR('KPI Monthly'!Q10="",'KPI Monthly'!Q9=""),"",'KPI Monthly'!Q10-'KPI Monthly'!Q9) | I10: =IF(OR('KPI Monthly'!S10="",'KPI Monthly'!S9="",'KPI Monthly'!S9=0),"",('KPI Monthly'!S10-'KPI Monthly'!S9)/'KPI Monthly'!S9)
A11: ='KPI Monthly'!A11 -> Month 7 | B11: =IF(OR('KPI Monthly'!D11="",'KPI Monthly'!D10="",'KPI Monthly'!D10=0),"",('KPI Monthly'!D11-'KPI Monthly'!D10)/'KPI Monthly'!D10) | C11: =IF(OR('KPI Monthly'!H11="",'KPI Monthly'!H10="",'KPI Monthly'!H10=0),"",('KPI Monthly'!H11-'KPI Monthly'!H10)/'KPI Monthly'!H10) | D11: =IF(OR('KPI Monthly'!I11="",'KPI Monthly'!I10=""),"",'KPI Monthly'!I11-'KPI Monthly'!I10) | E11: =IF(OR('KPI Monthly'!J11="",'KPI Monthly'!J10="",'KPI Monthly'!J10=0),"",('KPI Monthly'!J11-'KPI Monthly'!J10)/'KPI Monthly'!J10) | F11: =IF(OR('KPI Monthly'!K11="",'KPI Monthly'!K10="",'KPI Monthly'!K10=0),"",('KPI Monthly'!K11-'KPI Monthly'!K10)/'KPI Monthly'!K10) | G11: =IF(OR('KPI Monthly'!L11="",'KPI Monthly'!L10="",'KPI Monthly'!L10=0),"",('KPI Monthly'!L11-'KPI Monthly'!L10)/'KPI Monthly'!L10) | H11: =IF(OR('KPI Monthly'!Q11="",'KPI Monthly'!Q10=""),"",'KPI Monthly'!Q11-'KPI Monthly'!Q10) | I11: =IF(OR('KPI Monthly'!S11="",'KPI Monthly'!S10="",'KPI Monthly'!S10=0),"",('KPI Monthly'!S11-'KPI Monthly'!S10)/'KPI Monthly'!S10)
A12: ='KPI Monthly'!A12 -> Month 8 | B12: =IF(OR('KPI Monthly'!D12="",'KPI Monthly'!D11="",'KPI Monthly'!D11=0),"",('KPI Monthly'!D12-'KPI Monthly'!D11)/'KPI Monthly'!D11) | C12: =IF(OR('KPI Monthly'!H12="",'KPI Monthly'!H11="",'KPI Monthly'!H11=0),"",('KPI Monthly'!H12-'KPI Monthly'!H11)/'KPI Monthly'!H11) | D12: =IF(OR('KPI Monthly'!I12="",'KPI Monthly'!I11=""),"",'KPI Monthly'!I12-'KPI Monthly'!I11) | E12: =IF(OR('KPI Monthly'!J12="",'KPI Monthly'!J11="",'KPI Monthly'!J11=0),"",('KPI Monthly'!J12-'KPI Monthly'!J11)/'KPI Monthly'!J11) | F12: =IF(OR('KPI Monthly'!K12="",'KPI Monthly'!K11="",'KPI Monthly'!K11=0),"",('KPI Monthly'!K12-'KPI Monthly'!K11)/'KPI Monthly'!K11) | G12: =IF(OR('KPI Monthly'!L12="",'KPI Monthly'!L11="",'KPI Monthly'!L11=0),"",('KPI Monthly'!L12-'KPI Monthly'!L11)/'KPI Monthly'!L11) | H12: =IF(OR('KPI Monthly'!Q12="",'KPI Monthly'!Q11=""),"",'KPI Monthly'!Q12-'KPI Monthly'!Q11) | I12: =IF(OR('KPI Monthly'!S12="",'KPI Monthly'!S11="",'KPI Monthly'!S11=0),"",('KPI Monthly'!S12-'KPI Monthly'!S11)/'KPI Monthly'!S11)
A13: ='KPI Monthly'!A13 -> Month 9 | B13: =IF(OR('KPI Monthly'!D13="",'KPI Monthly'!D12="",'KPI Monthly'!D12=0),"",('KPI Monthly'!D13-'KPI Monthly'!D12)/'KPI Monthly'!D12) | C13: =IF(OR('KPI Monthly'!H13="",'KPI Monthly'!H12="",'KPI Monthly'!H12=0),"",('KPI Monthly'!H13-'KPI Monthly'!H12)/'KPI Monthly'!H12) | D13: =IF(OR('KPI Monthly'!I13="",'KPI Monthly'!I12=""),"",'KPI Monthly'!I13-'KPI Monthly'!I12) | E13: =IF(OR('KPI Monthly'!J13="",'KPI Monthly'!J12="",'KPI Monthly'!J12=0),"",('KPI Monthly'!J13-'KPI Monthly'!J12)/'KPI Monthly'!J12) | F13: =IF(OR('KPI Monthly'!K13="",'KPI Monthly'!K12="",'KPI Monthly'!K12=0),"",('KPI Monthly'!K13-'KPI Monthly'!K12)/'KPI Monthly'!K12) | G13: =IF(OR('KPI Monthly'!L13="",'KPI Monthly'!L12="",'KPI Monthly'!L12=0),"",('KPI Monthly'!L13-'KPI Monthly'!L12)/'KPI Monthly'!L12) | H13: =IF(OR('KPI Monthly'!Q13="",'KPI Monthly'!Q12=""),"",'KPI Monthly'!Q13-'KPI Monthly'!Q12) | I13: =IF(OR('KPI Monthly'!S13="",'KPI Monthly'!S12="",'KPI Monthly'!S12=0),"",('KPI Monthly'!S13-'KPI Monthly'!S12)/'KPI Monthly'!S12)
A14: ='KPI Monthly'!A14 -> Month 10 | B14: =IF(OR('KPI Monthly'!D14="",'KPI Monthly'!D13="",'KPI Monthly'!D13=0),"",('KPI Monthly'!D14-'KPI Monthly'!D13)/'KPI Monthly'!D13) | C14: =IF(OR('KPI Monthly'!H14="",'KPI Monthly'!H13="",'KPI Monthly'!H13=0),"",('KPI Monthly'!H14-'KPI Monthly'!H13)/'KPI Monthly'!H13) | D14: =IF(OR('KPI Monthly'!I14="",'KPI Monthly'!I13=""),"",'KPI Monthly'!I14-'KPI Monthly'!I13) | E14: =IF(OR('KPI Monthly'!J14="",'KPI Monthly'!J13="",'KPI Monthly'!J13=0),"",('KPI Monthly'!J14-'KPI Monthly'!J13)/'KPI Monthly'!J13) | F14: =IF(OR('KPI Monthly'!K14="",'KPI Monthly'!K13="",'KPI Monthly'!K13=0),"",('KPI Monthly'!K14-'KPI Monthly'!K13)/'KPI Monthly'!K13) | G14: =IF(OR('KPI Monthly'!L14="",'KPI Monthly'!L13="",'KPI Monthly'!L13=0),"",('KPI Monthly'!L14-'KPI Monthly'!L13)/'KPI Monthly'!L13) | H14: =IF(OR('KPI Monthly'!Q14="",'KPI Monthly'!Q13=""),"",'KPI Monthly'!Q14-'KPI Monthly'!Q13) | I14: =IF(OR('KPI Monthly'!S14="",'KPI Monthly'!S13="",'KPI Monthly'!S13=0),"",('KPI Monthly'!S14-'KPI Monthly'!S13)/'KPI Monthly'!S13)
A15: ='KPI Monthly'!A15 -> Month 11 | B15: =IF(OR('KPI Monthly'!D15="",'KPI Monthly'!D14="",'KPI Monthly'!D14=0),"",('KPI Monthly'!D15-'KPI Monthly'!D14)/'KPI Monthly'!D14) | C15: =IF(OR('KPI Monthly'!H15="",'KPI Monthly'!H14="",'KPI Monthly'!H14=0),"",('KPI Monthly'!H15-'KPI Monthly'!H14)/'KPI Monthly'!H14) | D15: =IF(OR('KPI Monthly'!I15="",'KPI Monthly'!I14=""),"",'KPI Monthly'!I15-'KPI Monthly'!I14) | E15: =IF(OR('KPI Monthly'!J15="",'KPI Monthly'!J14="",'KPI Monthly'!J14=0),"",('KPI Monthly'!J15-'KPI Monthly'!J14)/'KPI Monthly'!J14) | F15: =IF(OR('KPI Monthly'!K15="",'KPI Monthly'!K14="",'KPI Monthly'!K14=0),"",('KPI Monthly'!K15-'KPI Monthly'!K14)/'KPI Monthly'!K14) | G15: =IF(OR('KPI Monthly'!L15="",'KPI Monthly'!L14="",'KPI Monthly'!L14=0),"",('KPI Monthly'!L15-'KPI Monthly'!L14)/'KPI Monthly'!L14) | H15: =IF(OR('KPI Monthly'!Q15="",'KPI Monthly'!Q14=""),"",'KPI Monthly'!Q15-'KPI Monthly'!Q14) | I15: =IF(OR('KPI Monthly'!S15="",'KPI Monthly'!S14="",'KPI Monthly'!S14=0),"",('KPI Monthly'!S15-'KPI Monthly'!S14)/'KPI Monthly'!S14)
A16: ='KPI Monthly'!A16 -> Month 12 | B16: =IF(OR('KPI Monthly'!D16="",'KPI Monthly'!D15="",'KPI Monthly'!D15=0),"",('KPI Monthly'!D16-'KPI Monthly'!D15)/'KPI Monthly'!D15) | C16: =IF(OR('KPI Monthly'!H16="",'KPI Monthly'!H15="",'KPI Monthly'!H15=0),"",('KPI Monthly'!H16-'KPI Monthly'!H15)/'KPI Monthly'!H15) | D16: =IF(OR('KPI Monthly'!I16="",'KPI Monthly'!I15=""),"",'KPI Monthly'!I16-'KPI Monthly'!I15) | E16: =IF(OR('KPI Monthly'!J16="",'KPI Monthly'!J15="",'KPI Monthly'!J15=0),"",('KPI Monthly'!J16-'KPI Monthly'!J15)/'KPI Monthly'!J15) | F16: =IF(OR('KPI Monthly'!K16="",'KPI Monthly'!K15="",'KPI Monthly'!K15=0),"",('KPI Monthly'!K16-'KPI Monthly'!K15)/'KPI Monthly'!K15) | G16: =IF(OR('KPI Monthly'!L16="",'KPI Monthly'!L15="",'KPI Monthly'!L15=0),"",('KPI Monthly'!L16-'KPI Monthly'!L15)/'KPI Monthly'!L15) | H16: =IF(OR('KPI Monthly'!Q16="",'KPI Monthly'!Q15=""),"",'KPI Monthly'!Q16-'KPI Monthly'!Q15) | I16: =IF(OR('KPI Monthly'!S16="",'KPI Monthly'!S15="",'KPI Monthly'!S15=0),"",('KPI Monthly'!S16-'KPI Monthly'!S15)/'KPI Monthly'!S15)
A17: ='KPI Monthly'!A17 -> Month 13 | B17: =IF(OR('KPI Monthly'!D17="",'KPI Monthly'!D16="",'KPI Monthly'!D16=0),"",('KPI Monthly'!D17-'KPI Monthly'!D16)/'KPI Monthly'!D16) | C17: =IF(OR('KPI Monthly'!H17="",'KPI Monthly'!H16="",'KPI Monthly'!H16=0),"",('KPI Monthly'!H17-'KPI Monthly'!H16)/'KPI Monthly'!H16) | D17: =IF(OR('KPI Monthly'!I17="",'KPI Monthly'!I16=""),"",'KPI Monthly'!I17-'KPI Monthly'!I16) | E17: =IF(OR('KPI Monthly'!J17="",'KPI Monthly'!J16="",'KPI Monthly'!J16=0),"",('KPI Monthly'!J17-'KPI Monthly'!J16)/'KPI Monthly'!J16) | F17: =IF(OR('KPI Monthly'!K17="",'KPI Monthly'!K16="",'KPI Monthly'!K16=0),"",('KPI Monthly'!K17-'KPI Monthly'!K16)/'KPI Monthly'!K16) | G17: =IF(OR('KPI Monthly'!L17="",'KPI Monthly'!L16="",'KPI Monthly'!L16=0),"",('KPI Monthly'!L17-'KPI Monthly'!L16)/'KPI Monthly'!L16) | H17: =IF(OR('KPI Monthly'!Q17="",'KPI Monthly'!Q16=""),"",'KPI Monthly'!Q17-'KPI Monthly'!Q16) | I17: =IF(OR('KPI Monthly'!S17="",'KPI Monthly'!S16="",'KPI Monthly'!S16=0),"",('KPI Monthly'!S17-'KPI Monthly'!S16)/'KPI Monthly'!S16)
... A28: ='KPI Monthly'!A28 -> Month 24 | B28: =IF(OR('KPI Monthly'!D28="",'KPI Monthly'!D27="",'KPI Monthly'!D27=0),"",('KPI Monthly'!D28-'KPI Monthly'!D27)/'KPI Monthly'!D27) | C28: =IF(OR('KPI Monthly'!H28="",'KPI Monthly'!H27="",'KPI Monthly'!H27=0),"",('KPI Monthly'!H28-'KPI Monthly'!H27)/'KPI Monthly'!H27) | D28: =IF(OR('KPI Monthly'!I28="",'KPI Monthly'!I27=""),"",'KPI Monthly'!I28-'KPI Monthly'!I27) | E28: =IF(OR('KPI Monthly'!J28="",'KPI Monthly'!J27="",'KPI Monthly'!J27=0),"",('KPI Monthly'!J28-'KPI Monthly'!J27)/'KPI Monthly'!J27) | F28: =IF(OR('KPI Monthly'!K28="",'KPI Monthly'!K27="",'KPI Monthly'!K27=0),"",('KPI Monthly'!K28-'KPI Monthly'!K27)/'KPI Monthly'!K27) | G28: =IF(OR('KPI Monthly'!L28="",'KPI Monthly'!L27="",'KPI Monthly'!L27=0),"",('KPI Monthly'!L28-'KPI Monthly'!L27)/'KPI Monthly'!L27) | H28: =IF(OR('KPI Monthly'!Q28="",'KPI Monthly'!Q27=""),"",'KPI Monthly'!Q28-'KPI Monthly'!Q27) | I28: =IF(OR('KPI Monthly'!S28="",'KPI Monthly'!S27="",'KPI Monthly'!S27=0),"",('KPI Monthly'!S28-'KPI Monthly'!S27)/'KPI Monthly'!S27)
A30: Note: green is up, red is down. For Cost / Lead and Bounce, down is the good direction even though it prints red. Empty rows are months you have not filled yet.

Sheet Quarterly
A1: Quarterly: quarter-on-quarter
A2: Months roll up by quarter automatically. Volume metrics are summed, rate metrics are the average of the months in the quarter.
A4: Quarter | B4: Total Users | C4: Qualified Leads | D4: Conv. Rate | E4: Engagement | F4: Bounce | G4: Paid Spend | H4: Cost / Lead | I4: Organic Clicks | J4: Non-brand | K4: AI Citations
A5: Q1 2026 | B5: =IF(SUMIFS('KPI Monthly'!$D$5:$D$28,'KPI Monthly'!$B$5:$B$28,$A5)=0,"",SUMIFS('KPI Monthly'!$D$5:$D$28,'KPI Monthly'!$B$5:$B$28,$A5)) | C5: =IF(SUMIFS('KPI Monthly'!$H$5:$H$28,'KPI Monthly'!$B$5:$B$28,$A5)=0,"",SUMIFS('KPI Monthly'!$H$5:$H$28,'KPI Monthly'!$B$5:$B$28,$A5)) | D5: =IFERROR(AVERAGEIFS('KPI Monthly'!$I$5:$I$28,'KPI Monthly'!$B$5:$B$28,$A5),"") | E5: =IFERROR(AVERAGEIFS('KPI Monthly'!$E$5:$E$28,'KPI Monthly'!$B$5:$B$28,$A5),"") | F5: =IFERROR(AVERAGEIFS('KPI Monthly'!$F$5:$F$28,'KPI Monthly'!$B$5:$B$28,$A5),"") | G5: =IF(SUMIFS('KPI Monthly'!$J$5:$J$28,'KPI Monthly'!$B$5:$B$28,$A5)=0,"",SUMIFS('KPI Monthly'!$J$5:$J$28,'KPI Monthly'!$B$5:$B$28,$A5)) | H5: =IF(SUMIFS('KPI Monthly'!$H$5:$H$28,'KPI Monthly'!$B$5:$B$28,$A5)=0,"",SUMIFS('KPI Monthly'!$J$5:$J$28,'KPI Monthly'!$B$5:$B$28,$A5)/SUMIFS('KPI Monthly'!$H$5:$H$28,'KPI Monthly'!$B$5:$B$28,$A5)) | I5: =IF(SUMIFS('KPI Monthly'!$L$5:$L$28,'KPI Monthly'!$B$5:$B$28,$A5)=0,"",SUMIFS('KPI Monthly'!$L$5:$L$28,'KPI Monthly'!$B$5:$B$28,$A5)) | J5: =IFERROR(AVERAGEIFS('KPI Monthly'!$Q$5:$Q$28,'KPI Monthly'!$B$5:$B$28,$A5),"") | K5: =IF(SUMIFS('KPI Monthly'!$S$5:$S$28,'KPI Monthly'!$B$5:$B$28,$A5)=0,"",SUMIFS('KPI Monthly'!$S$5:$S$28,'KPI Monthly'!$B$5:$B$28,$A5))
A6: Q2 2026 | B6: =IF(SUMIFS('KPI Monthly'!$D$5:$D$28,'KPI Monthly'!$B$5:$B$28,$A6)=0,"",SUMIFS('KPI Monthly'!$D$5:$D$28,'KPI Monthly'!$B$5:$B$28,$A6)) | C6: =IF(SUMIFS('KPI Monthly'!$H$5:$H$28,'KPI Monthly'!$B$5:$B$28,$A6)=0,"",SUMIFS('KPI Monthly'!$H$5:$H$28,'KPI Monthly'!$B$5:$B$28,$A6)) | D6: =IFERROR(AVERAGEIFS('KPI Monthly'!$I$5:$I$28,'KPI Monthly'!$B$5:$B$28,$A6),"") | E6: =IFERROR(AVERAGEIFS('KPI Monthly'!$E$5:$E$28,'KPI Monthly'!$B$5:$B$28,$A6),"") | F6: =IFERROR(AVERAGEIFS('KPI Monthly'!$F$5:$F$28,'KPI Monthly'!$B$5:$B$28,$A6),"") | G6: =IF(SUMIFS('KPI Monthly'!$J$5:$J$28,'KPI Monthly'!$B$5:$B$28,$A6)=0,"",SUMIFS('KPI Monthly'!$J$5:$J$28,'KPI Monthly'!$B$5:$B$28,$A6)) | H6: =IF(SUMIFS('KPI Monthly'!$H$5:$H$28,'KPI Monthly'!$B$5:$B$28,$A6)=0,"",SUMIFS('KPI Monthly'!$J$5:$J$28,'KPI Monthly'!$B$5:$B$28,$A6)/SUMIFS('KPI Monthly'!$H$5:$H$28,'KPI Monthly'!$B$5:$B$28,$A6)) | I6: =IF(SUMIFS('KPI Monthly'!$L$5:$L$28,'KPI Monthly'!$B$5:$B$28,$A6)=0,"",SUMIFS('KPI Monthly'!$L$5:$L$28,'KPI Monthly'!$B$5:$B$28,$A6)) | J6: =IFERROR(AVERAGEIFS('KPI Monthly'!$Q$5:$Q$28,'KPI Monthly'!$B$5:$B$28,$A6),"") | K6: =IF(SUMIFS('KPI Monthly'!$S$5:$S$28,'KPI Monthly'!$B$5:$B$28,$A6)=0,"",SUMIFS('KPI Monthly'!$S$5:$S$28,'KPI Monthly'!$B$5:$B$28,$A6))
A7: Q3 2026 | B7: =IF(SUMIFS('KPI Monthly'!$D$5:$D$28,'KPI Monthly'!$B$5:$B$28,$A7)=0,"",SUMIFS('KPI Monthly'!$D$5:$D$28,'KPI Monthly'!$B$5:$B$28,$A7)) | C7: =IF(SUMIFS('KPI Monthly'!$H$5:$H$28,'KPI Monthly'!$B$5:$B$28,$A7)=0,"",SUMIFS('KPI Monthly'!$H$5:$H$28,'KPI Monthly'!$B$5:$B$28,$A7)) | D7: =IFERROR(AVERAGEIFS('KPI Monthly'!$I$5:$I$28,'KPI Monthly'!$B$5:$B$28,$A7),"") | E7: =IFERROR(AVERAGEIFS('KPI Monthly'!$E$5:$E$28,'KPI Monthly'!$B$5:$B$28,$A7),"") | F7: =IFERROR(AVERAGEIFS('KPI Monthly'!$F$5:$F$28,'KPI Monthly'!$B$5:$B$28,$A7),"") | G7: =IF(SUMIFS('KPI Monthly'!$J$5:$J$28,'KPI Monthly'!$B$5:$B$28,$A7)=0,"",SUMIFS('KPI Monthly'!$J$5:$J$28,'KPI Monthly'!$B$5:$B$28,$A7)) | H7: =IF(SUMIFS('KPI Monthly'!$H$5:$H$28,'KPI Monthly'!$B$5:$B$28,$A7)=0,"",SUMIFS('KPI Monthly'!$J$5:$J$28,'KPI Monthly'!$B$5:$B$28,$A7)/SUMIFS('KPI Monthly'!$H$5:$H$28,'KPI Monthly'!$B$5:$B$28,$A7)) | I7: =IF(SUMIFS('KPI Monthly'!$L$5:$L$28,'KPI Monthly'!$B$5:$B$28,$A7)=0,"",SUMIFS('KPI Monthly'!$L$5:$L$28,'KPI Monthly'!$B$5:$B$28,$A7)) | J7: =IFERROR(AVERAGEIFS('KPI Monthly'!$Q$5:$Q$28,'KPI Monthly'!$B$5:$B$28,$A7),"") | K7: =IF(SUMIFS('KPI Monthly'!$S$5:$S$28,'KPI Monthly'!$B$5:$B$28,$A7)=0,"",SUMIFS('KPI Monthly'!$S$5:$S$28,'KPI Monthly'!$B$5:$B$28,$A7))
A8: Q4 2026 | B8: =IF(SUMIFS('KPI Monthly'!$D$5:$D$28,'KPI Monthly'!$B$5:$B$28,$A8)=0,"",SUMIFS('KPI Monthly'!$D$5:$D$28,'KPI Monthly'!$B$5:$B$28,$A8)) | C8: =IF(SUMIFS('KPI Monthly'!$H$5:$H$28,'KPI Monthly'!$B$5:$B$28,$A8)=0,"",SUMIFS('KPI Monthly'!$H$5:$H$28,'KPI Monthly'!$B$5:$B$28,$A8)) | D8: =IFERROR(AVERAGEIFS('KPI Monthly'!$I$5:$I$28,'KPI Monthly'!$B$5:$B$28,$A8),"") | E8: =IFERROR(AVERAGEIFS('KPI Monthly'!$E$5:$E$28,'KPI Monthly'!$B$5:$B$28,$A8),"") | F8: =IFERROR(AVERAGEIFS('KPI Monthly'!$F$5:$F$28,'KPI Monthly'!$B$5:$B$28,$A8),"") | G8: =IF(SUMIFS('KPI Monthly'!$J$5:$J$28,'KPI Monthly'!$B$5:$B$28,$A8)=0,"",SUMIFS('KPI Monthly'!$J$5:$J$28,'KPI Monthly'!$B$5:$B$28,$A8)) | H8: =IF(SUMIFS('KPI Monthly'!$H$5:$H$28,'KPI Monthly'!$B$5:$B$28,$A8)=0,"",SUMIFS('KPI Monthly'!$J$5:$J$28,'KPI Monthly'!$B$5:$B$28,$A8)/SUMIFS('KPI Monthly'!$H$5:$H$28,'KPI Monthly'!$B$5:$B$28,$A8)) | I8: =IF(SUMIFS('KPI Monthly'!$L$5:$L$28,'KPI Monthly'!$B$5:$B$28,$A8)=0,"",SUMIFS('KPI Monthly'!$L$5:$L$28,'KPI Monthly'!$B$5:$B$28,$A8)) | J8: =IFERROR(AVERAGEIFS('KPI Monthly'!$Q$5:$Q$28,'KPI Monthly'!$B$5:$B$28,$A8),"") | K8: =IF(SUMIFS('KPI Monthly'!$S$5:$S$28,'KPI Monthly'!$B$5:$B$28,$A8)=0,"",SUMIFS('KPI Monthly'!$S$5:$S$28,'KPI Monthly'!$B$5:$B$28,$A8))
A9: Q1 2027 | B9: =IF(SUMIFS('KPI Monthly'!$D$5:$D$28,'KPI Monthly'!$B$5:$B$28,$A9)=0,"",SUMIFS('KPI Monthly'!$D$5:$D$28,'KPI Monthly'!$B$5:$B$28,$A9)) | C9: =IF(SUMIFS('KPI Monthly'!$H$5:$H$28,'KPI Monthly'!$B$5:$B$28,$A9)=0,"",SUMIFS('KPI Monthly'!$H$5:$H$28,'KPI Monthly'!$B$5:$B$28,$A9)) | D9: =IFERROR(AVERAGEIFS('KPI Monthly'!$I$5:$I$28,'KPI Monthly'!$B$5:$B$28,$A9),"") | E9: =IFERROR(AVERAGEIFS('KPI Monthly'!$E$5:$E$28,'KPI Monthly'!$B$5:$B$28,$A9),"") | F9: =IFERROR(AVERAGEIFS('KPI Monthly'!$F$5:$F$28,'KPI Monthly'!$B$5:$B$28,$A9),"") | G9: =IF(SUMIFS('KPI Monthly'!$J$5:$J$28,'KPI Monthly'!$B$5:$B$28,$A9)=0,"",SUMIFS('KPI Monthly'!$J$5:$J$28,'KPI Monthly'!$B$5:$B$28,$A9)) | H9: =IF(SUMIFS('KPI Monthly'!$H$5:$H$28,'KPI Monthly'!$B$5:$B$28,$A9)=0,"",SUMIFS('KPI Monthly'!$J$5:$J$28,'KPI Monthly'!$B$5:$B$28,$A9)/SUMIFS('KPI Monthly'!$H$5:$H$28,'KPI Monthly'!$B$5:$B$28,$A9)) | I9: =IF(SUMIFS('KPI Monthly'!$L$5:$L$28,'KPI Monthly'!$B$5:$B$28,$A9)=0,"",SUMIFS('KPI Monthly'!$L$5:$L$28,'KPI Monthly'!$B$5:$B$28,$A9)) | J9: =IFERROR(AVERAGEIFS('KPI Monthly'!$Q$5:$Q$28,'KPI Monthly'!$B$5:$B$28,$A9),"") | K9: =IF(SUMIFS('KPI Monthly'!$S$5:$S$28,'KPI Monthly'!$B$5:$B$28,$A9)=0,"",SUMIFS('KPI Monthly'!$S$5:$S$28,'KPI Monthly'!$B$5:$B$28,$A9))
A10: Q2 2027 | B10: =IF(SUMIFS('KPI Monthly'!$D$5:$D$28,'KPI Monthly'!$B$5:$B$28,$A10)=0,"",SUMIFS('KPI Monthly'!$D$5:$D$28,'KPI Monthly'!$B$5:$B$28,$A10)) | C10: =IF(SUMIFS('KPI Monthly'!$H$5:$H$28,'KPI Monthly'!$B$5:$B$28,$A10)=0,"",SUMIFS('KPI Monthly'!$H$5:$H$28,'KPI Monthly'!$B$5:$B$28,$A10)) | D10: =IFERROR(AVERAGEIFS('KPI Monthly'!$I$5:$I$28,'KPI Monthly'!$B$5:$B$28,$A10),"") | E10: =IFERROR(AVERAGEIFS('KPI Monthly'!$E$5:$E$28,'KPI Monthly'!$B$5:$B$28,$A10),"") | F10: =IFERROR(AVERAGEIFS('KPI Monthly'!$F$5:$F$28,'KPI Monthly'!$B$5:$B$28,$A10),"") | G10: =IF(SUMIFS('KPI Monthly'!$J$5:$J$28,'KPI Monthly'!$B$5:$B$28,$A10)=0,"",SUMIFS('KPI Monthly'!$J$5:$J$28,'KPI Monthly'!$B$5:$B$28,$A10)) | H10: =IF(SUMIFS('KPI Monthly'!$H$5:$H$28,'KPI Monthly'!$B$5:$B$28,$A10)=0,"",SUMIFS('KPI Monthly'!$J$5:$J$28,'KPI Monthly'!$B$5:$B$28,$A10)/SUMIFS('KPI Monthly'!$H$5:$H$28,'KPI Monthly'!$B$5:$B$28,$A10)) | I10: =IF(SUMIFS('KPI Monthly'!$L$5:$L$28,'KPI Monthly'!$B$5:$B$28,$A10)=0,"",SUMIFS('KPI Monthly'!$L$5:$L$28,'KPI Monthly'!$B$5:$B$28,$A10)) | J10: =IFERROR(AVERAGEIFS('KPI Monthly'!$Q$5:$Q$28,'KPI Monthly'!$B$5:$B$28,$A10),"") | K10: =IF(SUMIFS('KPI Monthly'!$S$5:$S$28,'KPI Monthly'!$B$5:$B$28,$A10)=0,"",SUMIFS('KPI Monthly'!$S$5:$S$28,'KPI Monthly'!$B$5:$B$28,$A10))
A11: Q3 2027 | B11: =IF(SUMIFS('KPI Monthly'!$D$5:$D$28,'KPI Monthly'!$B$5:$B$28,$A11)=0,"",SUMIFS('KPI Monthly'!$D$5:$D$28,'KPI Monthly'!$B$5:$B$28,$A11)) | C11: =IF(SUMIFS('KPI Monthly'!$H$5:$H$28,'KPI Monthly'!$B$5:$B$28,$A11)=0,"",SUMIFS('KPI Monthly'!$H$5:$H$28,'KPI Monthly'!$B$5:$B$28,$A11)) | D11: =IFERROR(AVERAGEIFS('KPI Monthly'!$I$5:$I$28,'KPI Monthly'!$B$5:$B$28,$A11),"") | E11: =IFERROR(AVERAGEIFS('KPI Monthly'!$E$5:$E$28,'KPI Monthly'!$B$5:$B$28,$A11),"") | F11: =IFERROR(AVERAGEIFS('KPI Monthly'!$F$5:$F$28,'KPI Monthly'!$B$5:$B$28,$A11),"") | G11: =IF(SUMIFS('KPI Monthly'!$J$5:$J$28,'KPI Monthly'!$B$5:$B$28,$A11)=0,"",SUMIFS('KPI Monthly'!$J$5:$J$28,'KPI Monthly'!$B$5:$B$28,$A11)) | H11: =IF(SUMIFS('KPI Monthly'!$H$5:$H$28,'KPI Monthly'!$B$5:$B$28,$A11)=0,"",SUMIFS('KPI Monthly'!$J$5:$J$28,'KPI Monthly'!$B$5:$B$28,$A11)/SUMIFS('KPI Monthly'!$H$5:$H$28,'KPI Monthly'!$B$5:$B$28,$A11)) | I11: =IF(SUMIFS('KPI Monthly'!$L$5:$L$28,'KPI Monthly'!$B$5:$B$28,$A11)=0,"",SUMIFS('KPI Monthly'!$L$5:$L$28,'KPI Monthly'!$B$5:$B$28,$A11)) | J11: =IFERROR(AVERAGEIFS('KPI Monthly'!$Q$5:$Q$28,'KPI Monthly'!$B$5:$B$28,$A11),"") | K11: =IF(SUMIFS('KPI Monthly'!$S$5:$S$28,'KPI Monthly'!$B$5:$B$28,$A11)=0,"",SUMIFS('KPI Monthly'!$S$5:$S$28,'KPI Monthly'!$B$5:$B$28,$A11))
A12: Q4 2027 | B12: =IF(SUMIFS('KPI Monthly'!$D$5:$D$28,'KPI Monthly'!$B$5:$B$28,$A12)=0,"",SUMIFS('KPI Monthly'!$D$5:$D$28,'KPI Monthly'!$B$5:$B$28,$A12)) | C12: =IF(SUMIFS('KPI Monthly'!$H$5:$H$28,'KPI Monthly'!$B$5:$B$28,$A12)=0,"",SUMIFS('KPI Monthly'!$H$5:$H$28,'KPI Monthly'!$B$5:$B$28,$A12)) | D12: =IFERROR(AVERAGEIFS('KPI Monthly'!$I$5:$I$28,'KPI Monthly'!$B$5:$B$28,$A12),"") | E12: =IFERROR(AVERAGEIFS('KPI Monthly'!$E$5:$E$28,'KPI Monthly'!$B$5:$B$28,$A12),"") | F12: =IFERROR(AVERAGEIFS('KPI Monthly'!$F$5:$F$28,'KPI Monthly'!$B$5:$B$28,$A12),"") | G12: =IF(SUMIFS('KPI Monthly'!$J$5:$J$28,'KPI Monthly'!$B$5:$B$28,$A12)=0,"",SUMIFS('KPI Monthly'!$J$5:$J$28,'KPI Monthly'!$B$5:$B$28,$A12)) | H12: =IF(SUMIFS('KPI Monthly'!$H$5:$H$28,'KPI Monthly'!$B$5:$B$28,$A12)=0,"",SUMIFS('KPI Monthly'!$J$5:$J$28,'KPI Monthly'!$B$5:$B$28,$A12)/SUMIFS('KPI Monthly'!$H$5:$H$28,'KPI Monthly'!$B$5:$B$28,$A12)) | I12: =IF(SUMIFS('KPI Monthly'!$L$5:$L$28,'KPI Monthly'!$B$5:$B$28,$A12)=0,"",SUMIFS('KPI Monthly'!$L$5:$L$28,'KPI Monthly'!$B$5:$B$28,$A12)) | J12: =IFERROR(AVERAGEIFS('KPI Monthly'!$Q$5:$Q$28,'KPI Monthly'!$B$5:$B$28,$A12),"") | K12: =IF(SUMIFS('KPI Monthly'!$S$5:$S$28,'KPI Monthly'!$B$5:$B$28,$A12)=0,"",SUMIFS('KPI Monthly'!$S$5:$S$28,'KPI Monthly'!$B$5:$B$28,$A12))
A14: Quarter-on-quarter change
A15: Quarter | B15: Total Users | C15: Qualified Leads | D15: Conv. Rate | E15: Engagement | F15: Bounce | G15: Paid Spend | H15: Cost / Lead | I15: Organic Clicks | J15: Non-brand | K15: AI Citations
A16: =A6 -> Q2 2026 | B16: =IF(OR(B6="",B5="",B5=0),"",(B6-B5)/B5) | C16: =IF(OR(C6="",C5="",C5=0),"",(C6-C5)/C5) | D16: =IF(OR(D6="",D5=""),"",D6-D5) | E16: =IF(OR(E6="",E5=""),"",E6-E5) | F16: =IF(OR(F6="",F5=""),"",F6-F5) | G16: =IF(OR(G6="",G5="",G5=0),"",(G6-G5)/G5) | H16: =IF(OR(H6="",H5="",H5=0),"",(H6-H5)/H5) | I16: =IF(OR(I6="",I5="",I5=0),"",(I6-I5)/I5) | J16: =IF(OR(J6="",J5=""),"",J6-J5) | K16: =IF(OR(K6="",K5="",K5=0),"",(K6-K5)/K5)
A17: =A7 -> Q3 2026 | B17: =IF(OR(B7="",B6="",B6=0),"",(B7-B6)/B6) | C17: =IF(OR(C7="",C6="",C6=0),"",(C7-C6)/C6) | D17: =IF(OR(D7="",D6=""),"",D7-D6) | E17: =IF(OR(E7="",E6=""),"",E7-E6) | F17: =IF(OR(F7="",F6=""),"",F7-F6) | G17: =IF(OR(G7="",G6="",G6=0),"",(G7-G6)/G6) | H17: =IF(OR(H7="",H6="",H6=0),"",(H7-H6)/H6) | I17: =IF(OR(I7="",I6="",I6=0),"",(I7-I6)/I6) | J17: =IF(OR(J7="",J6=""),"",J7-J6) | K17: =IF(OR(K7="",K6="",K6=0),"",(K7-K6)/K6)
A18: =A8 -> Q4 2026 | B18: =IF(OR(B8="",B7="",B7=0),"",(B8-B7)/B7) | C18: =IF(OR(C8="",C7="",C7=0),"",(C8-C7)/C7) | D18: =IF(OR(D8="",D7=""),"",D8-D7) | E18: =IF(OR(E8="",E7=""),"",E8-E7) | F18: =IF(OR(F8="",F7=""),"",F8-F7) | G18: =IF(OR(G8="",G7="",G7=0),"",(G8-G7)/G7) | H18: =IF(OR(H8="",H7="",H7=0),"",(H8-H7)/H7) | I18: =IF(OR(I8="",I7="",I7=0),"",(I8-I7)/I7) | J18: =IF(OR(J8="",J7=""),"",J8-J7) | K18: =IF(OR(K8="",K7="",K7=0),"",(K8-K7)/K7)
A19: =A9 -> Q1 2027 | B19: =IF(OR(B9="",B8="",B8=0),"",(B9-B8)/B8) | C19: =IF(OR(C9="",C8="",C8=0),"",(C9-C8)/C8) | D19: =IF(OR(D9="",D8=""),"",D9-D8) | E19: =IF(OR(E9="",E8=""),"",E9-E8) | F19: =IF(OR(F9="",F8=""),"",F9-F8) | G19: =IF(OR(G9="",G8="",G8=0),"",(G9-G8)/G8) | H19: =IF(OR(H9="",H8="",H8=0),"",(H9-H8)/H8) | I19: =IF(OR(I9="",I8="",I8=0),"",(I9-I8)/I8) | J19: =IF(OR(J9="",J8=""),"",J9-J8) | K19: =IF(OR(K9="",K8="",K8=0),"",(K9-K8)/K8)
A20: =A10 -> Q2 2027 | B20: =IF(OR(B10="",B9="",B9=0),"",(B10-B9)/B9) | C20: =IF(OR(C10="",C9="",C9=0),"",(C10-C9)/C9) | D20: =IF(OR(D10="",D9=""),"",D10-D9) | E20: =IF(OR(E10="",E9=""),"",E10-E9) | F20: =IF(OR(F10="",F9=""),"",F10-F9) | G20: =IF(OR(G10="",G9="",G9=0),"",(G10-G9)/G9) | H20: =IF(OR(H10="",H9="",H9=0),"",(H10-H9)/H9) | I20: =IF(OR(I10="",I9="",I9=0),"",(I10-I9)/I9) | J20: =IF(OR(J10="",J9=""),"",J10-J9) | K20: =IF(OR(K10="",K9="",K9=0),"",(K10-K9)/K9)
A21: =A11 -> Q3 2027 | B21: =IF(OR(B11="",B10="",B10=0),"",(B11-B10)/B10) | C21: =IF(OR(C11="",C10="",C10=0),"",(C11-C10)/C10) | D21: =IF(OR(D11="",D10=""),"",D11-D10) | E21: =IF(OR(E11="",E10=""),"",E11-E10) | F21: =IF(OR(F11="",F10=""),"",F11-F10) | G21: =IF(OR(G11="",G10="",G10=0),"",(G11-G10)/G10) | H21: =IF(OR(H11="",H10="",H10=0),"",(H11-H10)/H10) | I21: =IF(OR(I11="",I10="",I10=0),"",(I11-I10)/I10) | J21: =IF(OR(J11="",J10=""),"",J11-J10) | K21: =IF(OR(K11="",K10="",K10=0),"",(K11-K10)/K10)
A22: =A12 -> Q4 2027 | B22: =IF(OR(B12="",B11="",B11=0),"",(B12-B11)/B11) | C22: =IF(OR(C12="",C11="",C11=0),"",(C12-C11)/C11) | D22: =IF(OR(D12="",D11=""),"",D12-D11) | E22: =IF(OR(E12="",E11=""),"",E12-E11) | F22: =IF(OR(F12="",F11=""),"",F12-F11) | G22: =IF(OR(G12="",G11="",G11=0),"",(G12-G11)/G11) | H22: =IF(OR(H12="",H11="",H11=0),"",(H12-H11)/H11) | I22: =IF(OR(I12="",I11="",I11=0),"",(I12-I11)/I11) | J22: =IF(OR(J12="",J11=""),"",J12-J11) | K22: =IF(OR(K12="",K11="",K11=0),"",(K12-K11)/K11)

Sheet All Pages
A1: All Pages: per-page performance
A2: Every page with real traffic. GA4 Total Users, engagement, bounce and leads are the latest month; organic clicks, impressions and position are Search Console for your reporting window. Conversion rate and organic CTR are formulas. Filter by Section, sort by any column.
A4: Page | B4: Section | C4: Total Users | D4: Engagement | E4: Bounce | F4: Leads | G4: Conv. Rate | H4: Organic Clicks | I4: Organic Impr. | J4: Organic CTR | K4: Avg Position
A5: / | B5: Homepage | C5: 1800 | D5: 0.55 | E5: 0.45 | F5: 12 | G5: =IF(C5=0,"",F5/C5) -> 0.0066666667 | H5: 520 | I5: 9000 | J5: =IF(OR(I5="",I5=0),"",H5/I5) -> 0.057777778 | K5: 4.2
A6: /product-a | B6: Product A | C6: 900 | D6: 0.62 | E6: 0.38 | F6: 8 | G6: =IF(C6=0,"",F6/C6) -> 0.0088888889 | H6: 180 | I6: 5200 | J6: =IF(OR(I6="",I6=0),"",H6/I6) -> 0.034615385 | K6: 6.1
A7: /pricing | B7: Conversion | C7: 240 | D7: 0.48 | E7: 0.52 | F7: 9 | G7: =IF(C7=0,"",F7/C7) -> 0.0375 | H7: 40 | I7: 800 | J7: =IF(OR(I7="",I7=0),"",H7/I7) -> 0.05 | K7: 7
A8: /blog/example-post | B8: Insights | C8: 160 | D8: 0.71 | E8: 0.29 | F8: 0 | G8: =IF(C8=0,"",F8/C8) -> 0 | H8: 120 | I8: 3000 | J8: =IF(OR(I8="",I8=0),"",H8/I8) -> 0.04 | K8: 9.4
A9: /product-a-thank-you | B9: Conversion | C9: 30 | D9: 0.98 | E9: 0.02 | F9: 30 | G9: =IF(C9=0,"",F9/C9) -> 1 | H9: 0 | I9: 0 | J9: =IF(OR(I9="",I9=0),"",H9/I9)
A10: TOTAL | B10: All pages | C10: =SUM(C5:C9) -> 3130 | D10: =IF(SUM(C5:C9)=0,"",SUMPRODUCT(C5:C9,D5:D9)/SUM(C5:C9)) -> 0.5770607 | E10: =IF(SUM(C5:C9)=0,"",SUMPRODUCT(C5:C9,E5:E9)/SUM(C5:C9)) -> 0.4229393 | F10: =SUM(F5:F9) -> 59 | G10: =IF(C10=0,"",F10/C10) -> 0.01884984 | H10: =SUM(H5:H9) -> 860 | I10: =SUM(I5:I9) -> 18000 | J10: =IF(I10=0,"",H10/I10) -> 0.047777778
A12: Sample data shown. Replace the rows above with your own pull (see the Guide tab), then write your read of the numbers here for whoever opens the report.

Sheet By Channel
A1: By Channel: month on month
A2: GA4 users by channel, every month Jan to June 2026. Leads (GA4 form-fill event) are tracked from June only, so earlier months are blank, not zero. June is month-to-date.
A4: Channel | B4: Month 1 | D4: Month 2 | F4: Month 3 | H4: Month 4 | J4: Month 5 | L4: Month 6
B5: Total Users | C5: No. of Leads | D5: Total Users | E5: No. of Leads | F5: Total Users | G5: No. of Leads | H5: Total Users | I5: No. of Leads | J5: Total Users | K5: No. of Leads | L5: Total Users | M5: No. of Leads
A6: Direct | B6: 1200 | D6: 1500 | F6: 1700 | H6: 1900 | J6: 2100 | L6: 2400 | M6: 18
A7: Organic Search | B7: 600 | D7: 700 | F7: 820 | H7: 900 | J7: 1050 | L7: 1200 | M7: 6
A8: Paid Search | B8: 200 | D8: 250 | F8: 300 | H8: 380 | J8: 420 | L8: 460 | M8: 3
A9: Paid Social | B9: 150 | D9: 180 | F9: 210 | H9: 260 | J9: 300 | L9: 330 | M9: 0
A10: Referral | B10: 50 | D10: 60 | F10: 70 | H10: 80 | J10: 95 | L10: 110 | M10: 0
A11: TOTAL | B11: =SUM(B6:B10) -> 2200 | C11: =SUM(C6:C10) -> 0 | D11: =SUM(D6:D10) -> 2690 | E11: =SUM(E6:E10) -> 0 | F11: =SUM(F6:F10) -> 3100 | G11: =SUM(G6:G10) -> 0 | H11: =SUM(H6:H10) -> 3520 | I11: =SUM(I6:I10) -> 0 | ... M11: =SUM(M6:M10) -> 27
A13: Sample data shown. Replace the rows above with your own pull (see the Guide tab), then write your read of the numbers here for whoever opens the report.

Sheet Paid Campaigns
A1: Paid Campaigns: by month
A2: Google Ads + LinkedIn, one row per campaign per month from your reporting window. CTR, CPC and cost per conversion are formulas. Conversions are platform-reported; LinkedIn reports zero tracked conversions. Filter or sort by Month or Campaign.
A4: Month | B4: Campaign | C4: Platform | D4: Channel | E4: Product | F4: Geo | G4: Impressions | H4: Clicks | I4: CTR | J4: Spend ($) | K4: CPC ($) | L4: Conversions | M4: Cost/Conv ($)
A5: Month 5 | B5: Search - Brand | C5: Google | D5: Paid Search | E5: Product A | F5: Region | G5: 120000 | H5: 3200 | I5: =IF(G5=0,"",H5/G5) -> 0.026666667 | J5: 900 | K5: =IF(H5=0,"",J5/H5) -> 0.28125 | L5: 40 | M5: =IF(L5=0,"No conv.",J5/L5) -> 22.5
A6: Month 6 | B6: Search - Brand | C6: Google | D6: Paid Search | E6: Product A | F6: Region | G6: 135000 | H6: 3600 | I6: =IF(G6=0,"",H6/G6) -> 0.026666667 | J6: 980 | K6: =IF(H6=0,"",J6/H6) -> 0.27222222 | L6: 46 | M6: =IF(L6=0,"No conv.",J6/L6) -> 21.304348
A7: Month 6 | B7: Awareness - Social | C7: LinkedIn | D7: Paid Social | E7: Product B | F7: Region | G7: 210000 | H7: 1700 | I7: =IF(G7=0,"",H7/G7) -> 0.0080952381 | J7: 340 | K7: =IF(H7=0,"",J7/H7) -> 0.2 | L7: 0 | M7: =IF(L7=0,"No conv.",J7/L7) -> No conv.
A8: TOTAL | B8: All campaigns (Jan-Jun) | G8: =SUM(G5:G7) -> 465000 | H8: =SUM(H5:H7) -> 8500 | I8: =IF(G8=0,"",H8/G8) -> 0.01827957 | J8: =SUM(J5:J7) -> 2220 | K8: =IF(H8=0,"",J8/H8) -> 0.26117647 | L8: =SUM(L5:L7) -> 86 | M8: =IF(L8=0,"",J8/L8) -> 25.813953
A10: Sample data shown. Replace the rows above with your own pull (see the Guide tab), then write your read of the numbers here for whoever opens the report.

Sheet SEO Keywords
A1: SEO Keywords: all ranking terms
A2: Every organic keyword that earned at least one click, Search Console your reporting window. First Click Month is the first month the term recorded a click in this window. Ranking URL is the page Google shows for it. Filter by Position Band or Type. CTR and the striking-distance flag are formulas.
A4: First Click Month | B4: Keyword | C4: Product | D4: Type | E4: Ranking URL | F4: Avg Position | G4: Position Band | H4: Impressions | I4: Clicks | J4: CTR | K4: Striking distance?
A5: Month 1 | B5: your brand | C5: Brand / Other | D5: Brand | E5: https://yourdomain.com/ | F5: 1.2 | G5: 1-3 | H5: 9000 | I5: 4200 | J5: =IF(H5=0,"",I5/H5) -> 0.46666667 | K5: =IF(AND(F5>=4,F5<=10),"Yes","")
A6: Month 1 | B6: product a software | C6: Product A | D6: Non-brand | E6: https://yourdomain.com/product-a | F6: 4.5 | G6: 4-10 | H6: 2600 | I6: 180 | J6: =IF(H6=0,"",I6/H6) -> 0.069230769 | K6: =IF(AND(F6>=4,F6<=10),"Yes","") -> Yes
A7: Month 2 | B7: best product b tool | C7: Product B | D7: Non-brand | E7: https://yourdomain.com/product-b | F7: 8.1 | G7: 4-10 | H7: 1400 | I7: 60 | J7: =IF(H7=0,"",I7/H7) -> 0.042857143 | K7: =IF(AND(F7>=4,F7<=10),"Yes","") -> Yes
A8: Month 3 | B8: what is product c | C8: Product C | D8: Non-brand | E8: https://yourdomain.com/product-c | F8: 14 | G8: 11-20 | H8: 900 | I8: 20 | J8: =IF(H8=0,"",I8/H8) -> 0.022222222 | K8: =IF(AND(F8>=4,F8<=10),"Yes","")
A9: Month 2 | B9: product a pricing | C9: Conversion | D9: Non-brand | E9: https://yourdomain.com/pricing | F9: 22 | G9: 21-50 | H9: 500 | I9: 8 | J9: =IF(H9=0,"",I9/H9) -> 0.016 | K9: =IF(AND(F9>=4,F9<=10),"Yes","")
A11: Sample data shown. Replace the rows above with your own pull (see the Guide tab), then write your read of the numbers here for whoever opens the report.

Sheet Page Speed
A1: Page Speed: Core Web Vitals
A2: Mobile Google PageSpeed Insights. The homepage is live from the Windsor feed (your pull date). The product and landing pages are queued: the public PSI endpoint rate-limits the shared connection, so per-URL scores need a PageSpeed Insights API key. Status columns are formulas against Google's thresholds (Perf 90+, LCP under 2.5s, CLS under 0.1).
A4: Date | B4: Page | C4: Product | D4: Perf Score | E4: Perf Status | F4: LCP (s) | G4: LCP Status | H4: CLS | I4: CLS Status | J4: FCP (s)
A5: your pull date | B5: Homepage | C5: Site-wide | D5: 62 | E5: =IF(D5="","Pending",IF(D5>=90,"Good",IF(D5>=50,"Needs work","Poor"))) -> Needs work | F5: 2.1 | G5: =IF(F5="","Pending",IF(F5<=2.5,"Good",IF(F5<=4,"Needs work","Poor"))) -> Good | H5: 0.08 | I5: =IF(H5="","Pending",IF(H5<=0.1,"Good",IF(H5<=0.25,"Needs work","Poor"))) -> Good | J5: 0.9
A6: your pull date | B6: Product A page | C6: Product A | E6: =IF(D6="","Pending",IF(D6>=90,"Good",IF(D6>=50,"Needs work","Poor"))) -> Pending | G6: =IF(F6="","Pending",IF(F6<=2.5,"Good",IF(F6<=4,"Needs work","Poor"))) -> Pending | I6: =IF(H6="","Pending",IF(H6<=0.1,"Good",IF(H6<=0.25,"Needs work","Poor"))) -> Pending
A7: your pull date | B7: Pricing page | C7: Conversion | E7: =IF(D7="","Pending",IF(D7>=90,"Good",IF(D7>=50,"Needs work","Poor"))) -> Pending | G7: =IF(F7="","Pending",IF(F7<=2.5,"Good",IF(F7<=4,"Needs work","Poor"))) -> Pending | I7: =IF(H7="","Pending",IF(H7<=0.1,"Good",IF(H7<=0.25,"Needs work","Poor"))) -> Pending
A9: Sample data shown. Replace the rows above with your own pull (see the Guide tab), then write your read of the numbers here for whoever opens the report.

Sheet AI Search
A1: AI Search Visibility
A2: Real AI-assistant referral traffic from GA4, your latest month. Mentions, citations and share of voice need Ahrefs Brand Radar (not yet pulled).
A4: AI referral traffic by engine (GA4, June MTD)
A5: Month | B5: Engine | C5: Total Users | D5: Leads | E5: Share of AI Users
A6: Latest month | B6: ChatGPT | C6: 58 | D6: 0 | E6: =IF(SUM($C$6:$C$8)=0,"",C6/SUM($C$6:$C$8)) -> 0.64444444
A7: Latest month | B7: Perplexity | C7: 22 | D7: 0 | E7: =IF(SUM($C$6:$C$8)=0,"",C7/SUM($C$6:$C$8)) -> 0.24444444
A8: Latest month | B8: Gemini | C8: 10 | D8: 0 | E8: =IF(SUM($C$6:$C$8)=0,"",C8/SUM($C$6:$C$8)) -> 0.11111111
A9: TOTAL | B9: All AI engines | C9: =SUM(C6:C8) -> 90 | D9: =SUM(D6:D8) -> 0 | E9: =SUM(E6:E8) -> 1
A11: Mentions and citations by engine (pull from Ahrefs Brand Radar)
A12: Engine | B12: Mentions | C12: Citations | D12: Citation Rate | E12: Share of Voice | F12: Source
A13: ChatGPT | F13: Ahrefs Brand Radar
A14: Perplexity | F14: Ahrefs Brand Radar
A15: Gemini | F15: Ahrefs Brand Radar
A17: Total AI referral traffic (June MTD): 198 users, 0 leads. GA4 'AI Assistant' channel: 151 users.
A18: Sample data shown. Replace the rows above with your own pull (see the Guide tab), then write your read of the numbers here for whoever opens the report.

Sheet AI Prompt Coverage
A1: AI Prompt Coverage
A2: Buyer-style prompts to test in each engine. The Appearing column is blank on purpose: fill it Yes or No from Ahrefs Brand Radar or manual checks. This is a research checklist, not measured data yet.
A4: Product | B4: Prompt | C4: Engine | D4: Appearing?
A5: Product A | B5: best product a software | C5: ChatGPT
A6: Product B | B6: product b alternatives | C6: Perplexity
A7: Product C | B7: how to choose product c | C7: Gemini
A9: Coverage | B9: =COUNTIF(D5:D7,"Yes")&" of "&COUNTA(D5:D7)&" prompts appearing (fill the Appearing column to populate)" -> 0 of 0 prompts appearing (fill the Appearing column to populate)
A10: Sample data shown. Replace the rows above with your own pull (see the Guide tab), then write your read of the numbers here for whoever opens the report.

Sheet Risks & Fixes
A1: Risks & Fixes
A2: Prioritized by horizon (week, month, quarter) and severity. Filter to plan the week. Every row carries the specific fix.
A4: Horizon | B4: Severity | C4: Issue | D4: Product | E4: Channel | F4: Detail | G4: Recommended fix
A5: Now | B5: High | C5: Paid traffic not converting | D5: All | E5: Paid | F5: Paid landing pages drive users but produce no tracked form-fill leads. | G5: Add a tracked form or CTA to each paid landing page and confirm the lead event fires.
A6: Now | B6: High | C6: Lead tracking gap | D6: All | E6: All | F6: The qualified-lead key event is not configured, so KPI Monthly leads stay blank. | G6: Configure your lead key event in GA4, then let it collect data going forward.
A7: Next | B7: Medium | C7: Page speed measured only on the homepage | D7: All | E7: Organic | F7: Only the homepage has Core Web Vitals; product and landing pages are unmeasured. | G7: Add a free PageSpeed Insights API key and pull per-URL scores for your top pages.

Sheet Geography
A1: Geography: by Country
A2: GA4 Total Users and leads by country, your latest month (countries with 50+ users). Share of users is a formula.
A4: Month | B4: Country | C4: Total Users | D4: Leads | E4: Share of Users
A5: Latest month | B5: Country 1 | C5: 3050 | D5: 30 | E5: =IF(SUM($C$5:$C$7)=0,"",C5/SUM($C$5:$C$7)) -> 0.61616162
A6: Latest month | B6: Country 2 | C6: 1320 | D6: 0 | E6: =IF(SUM($C$5:$C$7)=0,"",C6/SUM($C$5:$C$7)) -> 0.26666667
A7: Latest month | B7: Country 3 | C7: 580 | D7: 0 | E7: =IF(SUM($C$5:$C$7)=0,"",C7/SUM($C$5:$C$7)) -> 0.11717172
A8: TOTAL | B8: All countries (50+ users) | C8: =SUM(C5:C7) -> 4950 | D8: =SUM(D5:D7) -> 30 | E8: =SUM(E5:E7) -> 1
A10: Sample data shown. Replace the rows above with your own pull (see the Guide tab), then write your read of the numbers here for whoever opens the report.

Sheet Definitions
A1: Definitions
A2: Plain-language glossary. The same notes sit on the header cells across the workbook. Hover any header with a red corner to read it.
B4: Term | C4: What it means
B5: AI Citations | C5: Times an AI answer linked to your page as a source.
B6: AI Mentions | C6: Times an AI answer named your brand, with or without a link.
B7: AI Referral Sessions | C7: Visits that arrived from an AI assistant like ChatGPT or Perplexity.
B8: Avg Position | C8: Average rank in Google search results. Lower is better.
B9: Avg Session Time | C9: How long a typical visit lasts on the site, in seconds.
B10: Blended Leads | C10: GA4 leads plus on-platform lead-forms GA4 cannot see. One number you can trust.
B11: Bounce Rate | C11: Share of visits that leave after one page with no interaction.
B12: Clicks | C12: How many times people clicked through to the site.
B13: CLS | C13: Cumulative Layout Shift. How much the page jumps while loading. Under 0.1 is good.
B14: Conversion Rate | C14: Share of visits that turned into a lead. Conversions divided by sessions.
B15: Cost / Lead | C15: Spend divided by the number of leads. The blended CPL.
... B42: Users | C42: Distinct people who visited the site, counted once each.

Sheet Sources
A1: Data Sources
A2: Where every number comes from. Open the link, set the same date range and filters, and you will reconcile to this workbook.
A4: Source | B4: Tool / system | C4: Account / property | D4: What it feeds | E4: Verify at
A5: GA4 | B5: Google Analytics 4 | C5: Property <YOUR-GA4-ID> | D5: Total Users, engagement, leads, conversions, channel + country mix | E5: Open ↗
A6: Search Console | B6: Google Search Console | C6: <your verified domain property> | D6: Organic clicks, impressions, CTR, average position, ranking keywords | E6: Open ↗
A7: Google Ads | B7: Google Ads | C7: Account <YOUR-GOOGLE-ADS-ID> | D7: Paid search + Performance Max spend, clicks, impressions, conversions | E7: Open ↗
A8: LinkedIn Ads | B8: LinkedIn Campaign Manager | C8: Account <YOUR-LINKEDIN-ADS-ID> | D8: Paid social spend, clicks, impressions, lead-gen form fills | E8: Open ↗
A9: LinkedIn Organic | B9: LinkedIn Page | C9: Org <YOUR-LINKEDIN-ORG-ID> | D9: Organic social reach and engagement | E9: Open ↗
A10: CRM | B10: Your CRM (HubSpot, Salesforce, etc.) | C10: Lead + pipeline source of record | D10: Reconciled leads, lead quality, deal source tracking | E10: Open ↗
A11: Ahrefs | B11: Ahrefs | C11: Domain + keyword intelligence | D11: Keyword rankings, striking-distance terms, domain visibility, backlinks | E11: Open ↗
A12: PageSpeed | B12: Google PageSpeed Insights (PSI v5) | C12: Per-URL mobile audit | D12: Performance score, LCP, CLS (lab), INP (CrUX field) | E12: Open ↗
A13: Windsor.ai | B13: Windsor.ai MCP connector | C13: Pipes all sources into Claude | D13: Connector that lets Claude pull every source into this report | E13: Open ↗
A15: Sample data shown. Replace the rows above with your own pull (see the Guide tab), then write your read of the numbers here for whoever opens the report.
