Workbook

Sheet Guide
A1: Google Ads Reporting Template
A2: Dedicated Google Ads report. Green-themed, formula-driven, plug-and-play. Fill one tab a month, or let Claude pull it for you.
A4: How this works
A5: Account Summary is your single source of truth. Fill one row per month. The Executive Summary and Month-on-Month tabs read from it and recompute on their own.
A6: Blue cells are where you type. Grey cells are formulas. Leave the formulas alone.
A7: Percentages are stored as values. 4.2% is held as 0.042. ROAS shows as a multiple, like 3.5x.
A9: Reading order
A10: Account Summary, then By Campaign, By Campaign Type, By Device, Search Terms, and Budget Pacing. Flags and Fixes is your action list. Definitions explains every metric.
A12: Fill it with Claude (fastest)
A13: Turn on the Windsor.ai connector in Claude, then paste these prompts one at a time.
A14: Account Summary: "From Google Ads <ACCOUNT-ID>, give me spend, impressions, clicks, conversions, conversion value, and search impression share by month for the last 12 months."
A15: By Campaign: "From Google Ads <ACCOUNT-ID>, one row per campaign per month for the last 6 months: campaign type, impressions, clicks, spend, conversions, conversion value, search impression share."
... A21: When a month closes, add one row to Account Summary and refresh the deep-dive tabs you care about. That is the whole job.

Sheet Executive Summary
A1: Executive Summary | P1: =IFERROR(MATCH($B$4,'Account Summary'!$A$5:$A$28,0),1) -> 3
A2: Pick a month. The cards show that month versus the one before it. Everything reads from Account Summary.
A4: Pick a month: | B4: Month 3
A6: Metric | B6: Selected month | C6: Prior month | D6: Change
A7: Spend | B7: =IFERROR(INDEX('Account Summary'!$B$5:$B$28,$P$1),"") -> 6300 | C7: =IFERROR(IF($P$1<=1,"",INDEX('Account Summary'!$B$5:$B$28,$P$1-1)),"") -> 5100 | D7: =IF(OR(C7="",C7=0,B7=""),"",(B7-C7)/C7) -> 0.23529412
A8: Clicks | B8: =IFERROR(INDEX('Account Summary'!$D$5:$D$28,$P$1),"") -> 11800 | C8: =IFERROR(IF($P$1<=1,"",INDEX('Account Summary'!$D$5:$D$28,$P$1-1)),"") -> 10200 | D8: =IF(OR(C8="",C8=0,B8=""),"",(B8-C8)/C8) -> 0.15686275
A9: CTR | B9: =IFERROR(INDEX('Account Summary'!$E$5:$E$28,$P$1),"") -> 0.025934066 | C9: =IFERROR(IF($P$1<=1,"",INDEX('Account Summary'!$E$5:$E$28,$P$1-1)),"") -> 0.024878049 | D9: =IF(OR(C9="",B9=""),"",B9-C9) -> 0.0010560172
A10: Avg CPC | B10: =IFERROR(INDEX('Account Summary'!$F$5:$F$28,$P$1),"") -> 0.53389831 | C10: =IFERROR(IF($P$1<=1,"",INDEX('Account Summary'!$F$5:$F$28,$P$1-1)),"") -> 0.5 | D10: =IF(OR(C10="",C10=0,B10=""),"",(B10-C10)/C10) -> 0.06779661
A11: Conversions | B11: =IFERROR(INDEX('Account Summary'!$G$5:$G$28,$P$1),"") -> 96 | C11: =IFERROR(IF($P$1<=1,"",INDEX('Account Summary'!$G$5:$G$28,$P$1-1)),"") -> 78 | D11: =IF(OR(C11="",C11=0,B11=""),"",(B11-C11)/C11) -> 0.23076923
A12: Cost / Conv | B12: =IFERROR(INDEX('Account Summary'!$I$5:$I$28,$P$1),"") -> 65.625 | C12: =IFERROR(IF($P$1<=1,"",INDEX('Account Summary'!$I$5:$I$28,$P$1-1)),"") -> 65.384615 | D12: =IF(OR(C12="",C12=0,B12=""),"",(B12-C12)/C12) -> 0.0036764706
A13: Conv. Rate | B13: =IFERROR(INDEX('Account Summary'!$J$5:$J$28,$P$1),"") -> 0.0081355932 | C13: =IFERROR(IF($P$1<=1,"",INDEX('Account Summary'!$J$5:$J$28,$P$1-1)),"") -> 0.0076470588 | D13: =IF(OR(C13="",B13=""),"",B13-C13) -> 0.0004885344
A14: ROAS | B14: =IFERROR(INDEX('Account Summary'!$K$5:$K$28,$P$1),"") -> 4.2857143 | C14: =IFERROR(IF($P$1<=1,"",INDEX('Account Summary'!$K$5:$K$28,$P$1-1)),"") -> 4.1176471 | D14: =IF(OR(C14="",C14=0,B14=""),"",(B14-C14)/C14) -> 0.040816327
A15: Search Impr. Share | B15: =IFERROR(INDEX('Account Summary'!$L$5:$L$28,$P$1),"") -> 0.48 | C15: =IFERROR(IF($P$1<=1,"",INDEX('Account Summary'!$L$5:$L$28,$P$1-1)),"") -> 0.45 | D15: =IF(OR(C15="",B15=""),"",B15-C15) -> 0.03
A17: Read the change column with intent. Spend up is only good if conversions keep pace and cost per conversion holds. ROAS down with spend up means you are buying weaker traffic. Rate metrics (CTR, conversion rate, impression share) show the change in percentage points.

Sheet Account Summary
A1: Account Summary
A2: One row per month. Blue cells are inputs. CTR, CPC, cost per conversion, conversion rate, and ROAS are formulas. This tab feeds the Executive Summary and Month-on-Month.
A4: Month | B4: Spend | C4: Impressions | D4: Clicks | E4: CTR | F4: Avg CPC | G4: Conversions | H4: Conv. Value | I4: Cost / Conv | J4: Conv. Rate | K4: ROAS | L4: Search Impr. Share
A5: Month 1 | B5: 4200 | C5: 380000 | D5: 9500 | E5: =IF(OR(C5="",C5=0),"",D5/C5) -> 0.025 | F5: =IF(OR(D5="",D5=0),"",B5/D5) -> 0.44210526 | G5: 60 | H5: 15000 | I5: =IF(OR(G5="",G5=0),"",B5/G5) -> 70 | J5: =IF(OR(D5="",D5=0),"",G5/D5) -> 0.0063157895 | K5: =IF(OR(B5="",B5=0),"",H5/B5) -> 3.5714286 | L5: 0.42
A6: Month 2 | B6: 5100 | C6: 410000 | D6: 10200 | E6: =IF(OR(C6="",C6=0),"",D6/C6) -> 0.024878049 | F6: =IF(OR(D6="",D6=0),"",B6/D6) -> 0.5 | G6: 78 | H6: 21000 | I6: =IF(OR(G6="",G6=0),"",B6/G6) -> 65.384615 | J6: =IF(OR(D6="",D6=0),"",G6/D6) -> 0.0076470588 | K6: =IF(OR(B6="",B6=0),"",H6/B6) -> 4.1176471 | L6: 0.45
A7: Month 3 | B7: 6300 | C7: 455000 | D7: 11800 | E7: =IF(OR(C7="",C7=0),"",D7/C7) -> 0.025934066 | F7: =IF(OR(D7="",D7=0),"",B7/D7) -> 0.53389831 | G7: 96 | H7: 27000 | I7: =IF(OR(G7="",G7=0),"",B7/G7) -> 65.625 | J7: =IF(OR(D7="",D7=0),"",G7/D7) -> 0.0081355932 | K7: =IF(OR(B7="",B7=0),"",H7/B7) -> 4.2857143 | L7: 0.48
A8: Month 4 | E8: =IF(OR(C8="",C8=0),"",D8/C8) | F8: =IF(OR(D8="",D8=0),"",B8/D8) | I8: =IF(OR(G8="",G8=0),"",B8/G8) | J8: =IF(OR(D8="",D8=0),"",G8/D8) | K8: =IF(OR(B8="",B8=0),"",H8/B8)
A9: Month 5 | E9: =IF(OR(C9="",C9=0),"",D9/C9) | F9: =IF(OR(D9="",D9=0),"",B9/D9) | I9: =IF(OR(G9="",G9=0),"",B9/G9) | J9: =IF(OR(D9="",D9=0),"",G9/D9) | K9: =IF(OR(B9="",B9=0),"",H9/B9)
A10: Month 6 | E10: =IF(OR(C10="",C10=0),"",D10/C10) | F10: =IF(OR(D10="",D10=0),"",B10/D10) | I10: =IF(OR(G10="",G10=0),"",B10/G10) | J10: =IF(OR(D10="",D10=0),"",G10/D10) | K10: =IF(OR(B10="",B10=0),"",H10/B10)
A11: Month 7 | E11: =IF(OR(C11="",C11=0),"",D11/C11) | F11: =IF(OR(D11="",D11=0),"",B11/D11) | I11: =IF(OR(G11="",G11=0),"",B11/G11) | J11: =IF(OR(D11="",D11=0),"",G11/D11) | K11: =IF(OR(B11="",B11=0),"",H11/B11)
A12: Month 8 | E12: =IF(OR(C12="",C12=0),"",D12/C12) | F12: =IF(OR(D12="",D12=0),"",B12/D12) | I12: =IF(OR(G12="",G12=0),"",B12/G12) | J12: =IF(OR(D12="",D12=0),"",G12/D12) | K12: =IF(OR(B12="",B12=0),"",H12/B12)
A13: Month 9 | E13: =IF(OR(C13="",C13=0),"",D13/C13) | F13: =IF(OR(D13="",D13=0),"",B13/D13) | I13: =IF(OR(G13="",G13=0),"",B13/G13) | J13: =IF(OR(D13="",D13=0),"",G13/D13) | K13: =IF(OR(B13="",B13=0),"",H13/B13)
A14: Month 10 | E14: =IF(OR(C14="",C14=0),"",D14/C14) | F14: =IF(OR(D14="",D14=0),"",B14/D14) | I14: =IF(OR(G14="",G14=0),"",B14/G14) | J14: =IF(OR(D14="",D14=0),"",G14/D14) | K14: =IF(OR(B14="",B14=0),"",H14/B14)
A15: Month 11 | E15: =IF(OR(C15="",C15=0),"",D15/C15) | F15: =IF(OR(D15="",D15=0),"",B15/D15) | I15: =IF(OR(G15="",G15=0),"",B15/G15) | J15: =IF(OR(D15="",D15=0),"",G15/D15) | K15: =IF(OR(B15="",B15=0),"",H15/B15)
A16: Month 12 | E16: =IF(OR(C16="",C16=0),"",D16/C16) | F16: =IF(OR(D16="",D16=0),"",B16/D16) | I16: =IF(OR(G16="",G16=0),"",B16/G16) | J16: =IF(OR(D16="",D16=0),"",G16/D16) | K16: =IF(OR(B16="",B16=0),"",H16/B16)
A17: Month 13 | E17: =IF(OR(C17="",C17=0),"",D17/C17) | F17: =IF(OR(D17="",D17=0),"",B17/D17) | I17: =IF(OR(G17="",G17=0),"",B17/G17) | J17: =IF(OR(D17="",D17=0),"",G17/D17) | K17: =IF(OR(B17="",B17=0),"",H17/B17)
A18: Month 14 | E18: =IF(OR(C18="",C18=0),"",D18/C18) | F18: =IF(OR(D18="",D18=0),"",B18/D18) | I18: =IF(OR(G18="",G18=0),"",B18/G18) | J18: =IF(OR(D18="",D18=0),"",G18/D18) | K18: =IF(OR(B18="",B18=0),"",H18/B18)
A19: Month 15 | E19: =IF(OR(C19="",C19=0),"",D19/C19) | F19: =IF(OR(D19="",D19=0),"",B19/D19) | I19: =IF(OR(G19="",G19=0),"",B19/G19) | J19: =IF(OR(D19="",D19=0),"",G19/D19) | K19: =IF(OR(B19="",B19=0),"",H19/B19)
... A28: Month 24 | E28: =IF(OR(C28="",C28=0),"",D28/C28) | F28: =IF(OR(D28="",D28=0),"",B28/D28) | I28: =IF(OR(G28="",G28=0),"",B28/G28) | J28: =IF(OR(D28="",D28=0),"",G28/D28) | K28: =IF(OR(B28="",B28=0),"",H28/B28)
A30: Fill the blue cells each month and the rest of the workbook updates. Watch three things together: cost per conversion (are you paying more for the same result), ROAS (is the spend paying back), and search impression share (is there room to grow before you are capped).

Sheet Month-on-Month
A1: Month-on-Month
A2: Each metric shows the month's actual value and the change versus the prior month. Volume metrics change in %, CTR changes in percentage points. Blank rows are months you have not filled yet.
A4: Month | B4: Spend | D4: Clicks | F4: CTR | H4: Avg CPC | J4: Conversions | L4: Cost / Conv | N4: Conv. Value | P4: ROAS
B5: This month | C5: vs prev | D5: This month | E5: vs prev | F5: This month | G5: vs prev (pp) | H5: This month | I5: vs prev | J5: This month | K5: vs prev | L5: This month | M5: vs prev | N5: This month | O5: vs prev | P5: This month | Q5: vs prev
A6: ='Account Summary'!A5 -> Month 1 | B6: =IF('Account Summary'!B5="","",'Account Summary'!B5) -> 4200 | C6: ="n/a" -> n/a | D6: =IF('Account Summary'!D5="","",'Account Summary'!D5) -> 9500 | E6: ="n/a" -> n/a | F6: =IF('Account Summary'!E5="","",'Account Summary'!E5) -> 0.025 | G6: ="n/a" -> n/a | H6: =IF('Account Summary'!F5="","",'Account Summary'!F5) -> 0.44210526 | I6: ="n/a" -> n/a | J6: =IF('Account Summary'!G5="","",'Account Summary'!G5) -> 60 | K6: ="n/a" -> n/a | L6: =IF('Account Summary'!I5="","",'Account Summary'!I5) -> 70 | M6: ="n/a" -> n/a | N6: =IF('Account Summary'!H5="","",'Account Summary'!H5) -> 15000 | O6: ="n/a" -> n/a | P6: =IF('Account Summary'!K5="","",'Account Summary'!K5) -> 3.5714286 | Q6: ="n/a" -> n/a
A7: ='Account Summary'!A6 -> Month 2 | B7: =IF('Account Summary'!B6="","",'Account Summary'!B6) -> 5100 | C7: =IF(OR('Account Summary'!B6="",'Account Summary'!B5="",'Account Summary'!B5=0),"",('Account Summary'!B6-'Account Summary'!B5)/'Account Summary'!B5) -> 0.21428571 | D7: =IF('Account Summary'!D6="","",'Account Summary'!D6) -> 10200 | E7: =IF(OR('Account Summary'!D6="",'Account Summary'!D5="",'Account Summary'!D5=0),"",('Account Summary'!D6-'Account Summary'!D5)/'Account Summary'!D5) -> 0.073684211 | F7: =IF('Account Summary'!E6="","",'Account Summary'!E6) -> 0.024878049 | G7: =IF(OR('Account Summary'!E6="",'Account Summary'!E5=""),"",'Account Summary'!E6-'Account Summary'!E5) -> -0.00012195122 | H7: =IF('Account Summary'!F6="","",'Account Summary'!F6) -> 0.5 | I7: =IF(OR('Account Summary'!F6="",'Account Summary'!F5="",'Account Summary'!F5=0),"",('Account Summary'!F6-'Account Summary'!F5)/'Account Summary'!F5) -> 0.13095238 | J7: =IF('Account Summary'!G6="","",'Account Summary'!G6) -> 78 | K7: =IF(OR('Account Summary'!G6="",'Account Summary'!G5="",'Account Summary'!G5=0),"",('Account Summary'!G6-'Account Summary'!G5)/'Account Summary'!G5) -> 0.3 | L7: =IF('Account Summary'!I6="","",'Account Summary'!I6) -> 65.384615 | M7: =IF(OR('Account Summary'!I6="",'Account Summary'!I5="",'Account Summary'!I5=0),"",('Account Summary'!I6-'Account Summary'!I5)/'Account Summary'!I5) -> -0.065934066 | N7: =IF('Account Summary'!H6="","",'Account Summary'!H6) -> 21000 | O7: =IF(OR('Account Summary'!H6="",'Account Summary'!H5="",'Account Summary'!H5=0),"",('Account Summary'!H6-'Account Summary'!H5)/'Account Summary'!H5) -> 0.4 | P7: =IF('Account Summary'!K6="","",'Account Summary'!K6) -> 4.1176471 | Q7: =IF(OR('Account Summary'!K6="",'Account Summary'!K5="",'Account Summary'!K5=0),"",('Account Summary'!K6-'Account Summary'!K5)/'Account Summary'!K5) -> 0.15294118
A8: ='Account Summary'!A7 -> Month 3 | B8: =IF('Account Summary'!B7="","",'Account Summary'!B7) -> 6300 | C8: =IF(OR('Account Summary'!B7="",'Account Summary'!B6="",'Account Summary'!B6=0),"",('Account Summary'!B7-'Account Summary'!B6)/'Account Summary'!B6) -> 0.23529412 | D8: =IF('Account Summary'!D7="","",'Account Summary'!D7) -> 11800 | E8: =IF(OR('Account Summary'!D7="",'Account Summary'!D6="",'Account Summary'!D6=0),"",('Account Summary'!D7-'Account Summary'!D6)/'Account Summary'!D6) -> 0.15686275 | F8: =IF('Account Summary'!E7="","",'Account Summary'!E7) -> 0.025934066 | G8: =IF(OR('Account Summary'!E7="",'Account Summary'!E6=""),"",'Account Summary'!E7-'Account Summary'!E6) -> 0.0010560172 | H8: =IF('Account Summary'!F7="","",'Account Summary'!F7) -> 0.53389831 | I8: =IF(OR('Account Summary'!F7="",'Account Summary'!F6="",'Account Summary'!F6=0),"",('Account Summary'!F7-'Account Summary'!F6)/'Account Summary'!F6) -> 0.06779661 | J8: =IF('Account Summary'!G7="","",'Account Summary'!G7) -> 96 | K8: =IF(OR('Account Summary'!G7="",'Account Summary'!G6="",'Account Summary'!G6=0),"",('Account Summary'!G7-'Account Summary'!G6)/'Account Summary'!G6) -> 0.23076923 | L8: =IF('Account Summary'!I7="","",'Account Summary'!I7) -> 65.625 | M8: =IF(OR('Account Summary'!I7="",'Account Summary'!I6="",'Account Summary'!I6=0),"",('Account Summary'!I7-'Account Summary'!I6)/'Account Summary'!I6) -> 0.0036764706 | N8: =IF('Account Summary'!H7="","",'Account Summary'!H7) -> 27000 | O8: =IF(OR('Account Summary'!H7="",'Account Summary'!H6="",'Account Summary'!H6=0),"",('Account Summary'!H7-'Account Summary'!H6)/'Account Summary'!H6) -> 0.28571429 | P8: =IF('Account Summary'!K7="","",'Account Summary'!K7) -> 4.2857143 | Q8: =IF(OR('Account Summary'!K7="",'Account Summary'!K6="",'Account Summary'!K6=0),"",('Account Summary'!K7-'Account Summary'!K6)/'Account Summary'!K6) -> 0.040816327
A9: ='Account Summary'!A8 -> Month 4 | B9: =IF('Account Summary'!B8="","",'Account Summary'!B8) | C9: =IF(OR('Account Summary'!B8="",'Account Summary'!B7="",'Account Summary'!B7=0),"",('Account Summary'!B8-'Account Summary'!B7)/'Account Summary'!B7) | D9: =IF('Account Summary'!D8="","",'Account Summary'!D8) | E9: =IF(OR('Account Summary'!D8="",'Account Summary'!D7="",'Account Summary'!D7=0),"",('Account Summary'!D8-'Account Summary'!D7)/'Account Summary'!D7) | F9: =IF('Account Summary'!E8="","",'Account Summary'!E8) | G9: =IF(OR('Account Summary'!E8="",'Account Summary'!E7=""),"",'Account Summary'!E8-'Account Summary'!E7) | H9: =IF('Account Summary'!F8="","",'Account Summary'!F8) | I9: =IF(OR('Account Summary'!F8="",'Account Summary'!F7="",'Account Summary'!F7=0),"",('Account Summary'!F8-'Account Summary'!F7)/'Account Summary'!F7) | J9: =IF('Account Summary'!G8="","",'Account Summary'!G8) | K9: =IF(OR('Account Summary'!G8="",'Account Summary'!G7="",'Account Summary'!G7=0),"",('Account Summary'!G8-'Account Summary'!G7)/'Account Summary'!G7) | L9: =IF('Account Summary'!I8="","",'Account Summary'!I8) | M9: =IF(OR('Account Summary'!I8="",'Account Summary'!I7="",'Account Summary'!I7=0),"",('Account Summary'!I8-'Account Summary'!I7)/'Account Summary'!I7) | N9: =IF('Account Summary'!H8="","",'Account Summary'!H8) | O9: =IF(OR('Account Summary'!H8="",'Account Summary'!H7="",'Account Summary'!H7=0),"",('Account Summary'!H8-'Account Summary'!H7)/'Account Summary'!H7) | P9: =IF('Account Summary'!K8="","",'Account Summary'!K8) | Q9: =IF(OR('Account Summary'!K8="",'Account Summary'!K7="",'Account Summary'!K7=0),"",('Account Summary'!K8-'Account Summary'!K7)/'Account Summary'!K7)
A10: ='Account Summary'!A9 -> Month 5 | B10: =IF('Account Summary'!B9="","",'Account Summary'!B9) | C10: =IF(OR('Account Summary'!B9="",'Account Summary'!B8="",'Account Summary'!B8=0),"",('Account Summary'!B9-'Account Summary'!B8)/'Account Summary'!B8) | D10: =IF('Account Summary'!D9="","",'Account Summary'!D9) | E10: =IF(OR('Account Summary'!D9="",'Account Summary'!D8="",'Account Summary'!D8=0),"",('Account Summary'!D9-'Account Summary'!D8)/'Account Summary'!D8) | F10: =IF('Account Summary'!E9="","",'Account Summary'!E9) | G10: =IF(OR('Account Summary'!E9="",'Account Summary'!E8=""),"",'Account Summary'!E9-'Account Summary'!E8) | H10: =IF('Account Summary'!F9="","",'Account Summary'!F9) | I10: =IF(OR('Account Summary'!F9="",'Account Summary'!F8="",'Account Summary'!F8=0),"",('Account Summary'!F9-'Account Summary'!F8)/'Account Summary'!F8) | J10: =IF('Account Summary'!G9="","",'Account Summary'!G9) | K10: =IF(OR('Account Summary'!G9="",'Account Summary'!G8="",'Account Summary'!G8=0),"",('Account Summary'!G9-'Account Summary'!G8)/'Account Summary'!G8) | L10: =IF('Account Summary'!I9="","",'Account Summary'!I9) | M10: =IF(OR('Account Summary'!I9="",'Account Summary'!I8="",'Account Summary'!I8=0),"",('Account Summary'!I9-'Account Summary'!I8)/'Account Summary'!I8) | N10: =IF('Account Summary'!H9="","",'Account Summary'!H9) | O10: =IF(OR('Account Summary'!H9="",'Account Summary'!H8="",'Account Summary'!H8=0),"",('Account Summary'!H9-'Account Summary'!H8)/'Account Summary'!H8) | P10: =IF('Account Summary'!K9="","",'Account Summary'!K9) | Q10: =IF(OR('Account Summary'!K9="",'Account Summary'!K8="",'Account Summary'!K8=0),"",('Account Summary'!K9-'Account Summary'!K8)/'Account Summary'!K8)
A11: ='Account Summary'!A10 -> Month 6 | B11: =IF('Account Summary'!B10="","",'Account Summary'!B10) | C11: =IF(OR('Account Summary'!B10="",'Account Summary'!B9="",'Account Summary'!B9=0),"",('Account Summary'!B10-'Account Summary'!B9)/'Account Summary'!B9) | D11: =IF('Account Summary'!D10="","",'Account Summary'!D10) | E11: =IF(OR('Account Summary'!D10="",'Account Summary'!D9="",'Account Summary'!D9=0),"",('Account Summary'!D10-'Account Summary'!D9)/'Account Summary'!D9) | F11: =IF('Account Summary'!E10="","",'Account Summary'!E10) | G11: =IF(OR('Account Summary'!E10="",'Account Summary'!E9=""),"",'Account Summary'!E10-'Account Summary'!E9) | H11: =IF('Account Summary'!F10="","",'Account Summary'!F10) | I11: =IF(OR('Account Summary'!F10="",'Account Summary'!F9="",'Account Summary'!F9=0),"",('Account Summary'!F10-'Account Summary'!F9)/'Account Summary'!F9) | J11: =IF('Account Summary'!G10="","",'Account Summary'!G10) | K11: =IF(OR('Account Summary'!G10="",'Account Summary'!G9="",'Account Summary'!G9=0),"",('Account Summary'!G10-'Account Summary'!G9)/'Account Summary'!G9) | L11: =IF('Account Summary'!I10="","",'Account Summary'!I10) | M11: =IF(OR('Account Summary'!I10="",'Account Summary'!I9="",'Account Summary'!I9=0),"",('Account Summary'!I10-'Account Summary'!I9)/'Account Summary'!I9) | N11: =IF('Account Summary'!H10="","",'Account Summary'!H10) | O11: =IF(OR('Account Summary'!H10="",'Account Summary'!H9="",'Account Summary'!H9=0),"",('Account Summary'!H10-'Account Summary'!H9)/'Account Summary'!H9) | P11: =IF('Account Summary'!K10="","",'Account Summary'!K10) | Q11: =IF(OR('Account Summary'!K10="",'Account Summary'!K9="",'Account Summary'!K9=0),"",('Account Summary'!K10-'Account Summary'!K9)/'Account Summary'!K9)
A12: ='Account Summary'!A11 -> Month 7 | B12: =IF('Account Summary'!B11="","",'Account Summary'!B11) | C12: =IF(OR('Account Summary'!B11="",'Account Summary'!B10="",'Account Summary'!B10=0),"",('Account Summary'!B11-'Account Summary'!B10)/'Account Summary'!B10) | D12: =IF('Account Summary'!D11="","",'Account Summary'!D11) | E12: =IF(OR('Account Summary'!D11="",'Account Summary'!D10="",'Account Summary'!D10=0),"",('Account Summary'!D11-'Account Summary'!D10)/'Account Summary'!D10) | F12: =IF('Account Summary'!E11="","",'Account Summary'!E11) | G12: =IF(OR('Account Summary'!E11="",'Account Summary'!E10=""),"",'Account Summary'!E11-'Account Summary'!E10) | H12: =IF('Account Summary'!F11="","",'Account Summary'!F11) | I12: =IF(OR('Account Summary'!F11="",'Account Summary'!F10="",'Account Summary'!F10=0),"",('Account Summary'!F11-'Account Summary'!F10)/'Account Summary'!F10) | J12: =IF('Account Summary'!G11="","",'Account Summary'!G11) | K12: =IF(OR('Account Summary'!G11="",'Account Summary'!G10="",'Account Summary'!G10=0),"",('Account Summary'!G11-'Account Summary'!G10)/'Account Summary'!G10) | L12: =IF('Account Summary'!I11="","",'Account Summary'!I11) | M12: =IF(OR('Account Summary'!I11="",'Account Summary'!I10="",'Account Summary'!I10=0),"",('Account Summary'!I11-'Account Summary'!I10)/'Account Summary'!I10) | N12: =IF('Account Summary'!H11="","",'Account Summary'!H11) | O12: =IF(OR('Account Summary'!H11="",'Account Summary'!H10="",'Account Summary'!H10=0),"",('Account Summary'!H11-'Account Summary'!H10)/'Account Summary'!H10) | P12: =IF('Account Summary'!K11="","",'Account Summary'!K11) | Q12: =IF(OR('Account Summary'!K11="",'Account Summary'!K10="",'Account Summary'!K10=0),"",('Account Summary'!K11-'Account Summary'!K10)/'Account Summary'!K10)
A13: ='Account Summary'!A12 -> Month 8 | B13: =IF('Account Summary'!B12="","",'Account Summary'!B12) | C13: =IF(OR('Account Summary'!B12="",'Account Summary'!B11="",'Account Summary'!B11=0),"",('Account Summary'!B12-'Account Summary'!B11)/'Account Summary'!B11) | D13: =IF('Account Summary'!D12="","",'Account Summary'!D12) | E13: =IF(OR('Account Summary'!D12="",'Account Summary'!D11="",'Account Summary'!D11=0),"",('Account Summary'!D12-'Account Summary'!D11)/'Account Summary'!D11) | F13: =IF('Account Summary'!E12="","",'Account Summary'!E12) | G13: =IF(OR('Account Summary'!E12="",'Account Summary'!E11=""),"",'Account Summary'!E12-'Account Summary'!E11) | H13: =IF('Account Summary'!F12="","",'Account Summary'!F12) | I13: =IF(OR('Account Summary'!F12="",'Account Summary'!F11="",'Account Summary'!F11=0),"",('Account Summary'!F12-'Account Summary'!F11)/'Account Summary'!F11) | J13: =IF('Account Summary'!G12="","",'Account Summary'!G12) | K13: =IF(OR('Account Summary'!G12="",'Account Summary'!G11="",'Account Summary'!G11=0),"",('Account Summary'!G12-'Account Summary'!G11)/'Account Summary'!G11) | L13: =IF('Account Summary'!I12="","",'Account Summary'!I12) | M13: =IF(OR('Account Summary'!I12="",'Account Summary'!I11="",'Account Summary'!I11=0),"",('Account Summary'!I12-'Account Summary'!I11)/'Account Summary'!I11) | N13: =IF('Account Summary'!H12="","",'Account Summary'!H12) | O13: =IF(OR('Account Summary'!H12="",'Account Summary'!H11="",'Account Summary'!H11=0),"",('Account Summary'!H12-'Account Summary'!H11)/'Account Summary'!H11) | P13: =IF('Account Summary'!K12="","",'Account Summary'!K12) | Q13: =IF(OR('Account Summary'!K12="",'Account Summary'!K11="",'Account Summary'!K11=0),"",('Account Summary'!K12-'Account Summary'!K11)/'Account Summary'!K11)
A14: ='Account Summary'!A13 -> Month 9 | B14: =IF('Account Summary'!B13="","",'Account Summary'!B13) | C14: =IF(OR('Account Summary'!B13="",'Account Summary'!B12="",'Account Summary'!B12=0),"",('Account Summary'!B13-'Account Summary'!B12)/'Account Summary'!B12) | D14: =IF('Account Summary'!D13="","",'Account Summary'!D13) | E14: =IF(OR('Account Summary'!D13="",'Account Summary'!D12="",'Account Summary'!D12=0),"",('Account Summary'!D13-'Account Summary'!D12)/'Account Summary'!D12) | F14: =IF('Account Summary'!E13="","",'Account Summary'!E13) | G14: =IF(OR('Account Summary'!E13="",'Account Summary'!E12=""),"",'Account Summary'!E13-'Account Summary'!E12) | H14: =IF('Account Summary'!F13="","",'Account Summary'!F13) | I14: =IF(OR('Account Summary'!F13="",'Account Summary'!F12="",'Account Summary'!F12=0),"",('Account Summary'!F13-'Account Summary'!F12)/'Account Summary'!F12) | J14: =IF('Account Summary'!G13="","",'Account Summary'!G13) | K14: =IF(OR('Account Summary'!G13="",'Account Summary'!G12="",'Account Summary'!G12=0),"",('Account Summary'!G13-'Account Summary'!G12)/'Account Summary'!G12) | L14: =IF('Account Summary'!I13="","",'Account Summary'!I13) | M14: =IF(OR('Account Summary'!I13="",'Account Summary'!I12="",'Account Summary'!I12=0),"",('Account Summary'!I13-'Account Summary'!I12)/'Account Summary'!I12) | N14: =IF('Account Summary'!H13="","",'Account Summary'!H13) | O14: =IF(OR('Account Summary'!H13="",'Account Summary'!H12="",'Account Summary'!H12=0),"",('Account Summary'!H13-'Account Summary'!H12)/'Account Summary'!H12) | P14: =IF('Account Summary'!K13="","",'Account Summary'!K13) | Q14: =IF(OR('Account Summary'!K13="",'Account Summary'!K12="",'Account Summary'!K12=0),"",('Account Summary'!K13-'Account Summary'!K12)/'Account Summary'!K12)
A15: ='Account Summary'!A14 -> Month 10 | B15: =IF('Account Summary'!B14="","",'Account Summary'!B14) | C15: =IF(OR('Account Summary'!B14="",'Account Summary'!B13="",'Account Summary'!B13=0),"",('Account Summary'!B14-'Account Summary'!B13)/'Account Summary'!B13) | D15: =IF('Account Summary'!D14="","",'Account Summary'!D14) | E15: =IF(OR('Account Summary'!D14="",'Account Summary'!D13="",'Account Summary'!D13=0),"",('Account Summary'!D14-'Account Summary'!D13)/'Account Summary'!D13) | F15: =IF('Account Summary'!E14="","",'Account Summary'!E14) | G15: =IF(OR('Account Summary'!E14="",'Account Summary'!E13=""),"",'Account Summary'!E14-'Account Summary'!E13) | H15: =IF('Account Summary'!F14="","",'Account Summary'!F14) | I15: =IF(OR('Account Summary'!F14="",'Account Summary'!F13="",'Account Summary'!F13=0),"",('Account Summary'!F14-'Account Summary'!F13)/'Account Summary'!F13) | J15: =IF('Account Summary'!G14="","",'Account Summary'!G14) | K15: =IF(OR('Account Summary'!G14="",'Account Summary'!G13="",'Account Summary'!G13=0),"",('Account Summary'!G14-'Account Summary'!G13)/'Account Summary'!G13) | L15: =IF('Account Summary'!I14="","",'Account Summary'!I14) | M15: =IF(OR('Account Summary'!I14="",'Account Summary'!I13="",'Account Summary'!I13=0),"",('Account Summary'!I14-'Account Summary'!I13)/'Account Summary'!I13) | N15: =IF('Account Summary'!H14="","",'Account Summary'!H14) | O15: =IF(OR('Account Summary'!H14="",'Account Summary'!H13="",'Account Summary'!H13=0),"",('Account Summary'!H14-'Account Summary'!H13)/'Account Summary'!H13) | P15: =IF('Account Summary'!K14="","",'Account Summary'!K14) | Q15: =IF(OR('Account Summary'!K14="",'Account Summary'!K13="",'Account Summary'!K13=0),"",('Account Summary'!K14-'Account Summary'!K13)/'Account Summary'!K13)
A16: ='Account Summary'!A15 -> Month 11 | B16: =IF('Account Summary'!B15="","",'Account Summary'!B15) | C16: =IF(OR('Account Summary'!B15="",'Account Summary'!B14="",'Account Summary'!B14=0),"",('Account Summary'!B15-'Account Summary'!B14)/'Account Summary'!B14) | D16: =IF('Account Summary'!D15="","",'Account Summary'!D15) | E16: =IF(OR('Account Summary'!D15="",'Account Summary'!D14="",'Account Summary'!D14=0),"",('Account Summary'!D15-'Account Summary'!D14)/'Account Summary'!D14) | F16: =IF('Account Summary'!E15="","",'Account Summary'!E15) | G16: =IF(OR('Account Summary'!E15="",'Account Summary'!E14=""),"",'Account Summary'!E15-'Account Summary'!E14) | H16: =IF('Account Summary'!F15="","",'Account Summary'!F15) | I16: =IF(OR('Account Summary'!F15="",'Account Summary'!F14="",'Account Summary'!F14=0),"",('Account Summary'!F15-'Account Summary'!F14)/'Account Summary'!F14) | J16: =IF('Account Summary'!G15="","",'Account Summary'!G15) | K16: =IF(OR('Account Summary'!G15="",'Account Summary'!G14="",'Account Summary'!G14=0),"",('Account Summary'!G15-'Account Summary'!G14)/'Account Summary'!G14) | L16: =IF('Account Summary'!I15="","",'Account Summary'!I15) | M16: =IF(OR('Account Summary'!I15="",'Account Summary'!I14="",'Account Summary'!I14=0),"",('Account Summary'!I15-'Account Summary'!I14)/'Account Summary'!I14) | N16: =IF('Account Summary'!H15="","",'Account Summary'!H15) | O16: =IF(OR('Account Summary'!H15="",'Account Summary'!H14="",'Account Summary'!H14=0),"",('Account Summary'!H15-'Account Summary'!H14)/'Account Summary'!H14) | P16: =IF('Account Summary'!K15="","",'Account Summary'!K15) | Q16: =IF(OR('Account Summary'!K15="",'Account Summary'!K14="",'Account Summary'!K14=0),"",('Account Summary'!K15-'Account Summary'!K14)/'Account Summary'!K14)
A17: ='Account Summary'!A16 -> Month 12 | B17: =IF('Account Summary'!B16="","",'Account Summary'!B16) | C17: =IF(OR('Account Summary'!B16="",'Account Summary'!B15="",'Account Summary'!B15=0),"",('Account Summary'!B16-'Account Summary'!B15)/'Account Summary'!B15) | D17: =IF('Account Summary'!D16="","",'Account Summary'!D16) | E17: =IF(OR('Account Summary'!D16="",'Account Summary'!D15="",'Account Summary'!D15=0),"",('Account Summary'!D16-'Account Summary'!D15)/'Account Summary'!D15) | F17: =IF('Account Summary'!E16="","",'Account Summary'!E16) | G17: =IF(OR('Account Summary'!E16="",'Account Summary'!E15=""),"",'Account Summary'!E16-'Account Summary'!E15) | H17: =IF('Account Summary'!F16="","",'Account Summary'!F16) | I17: =IF(OR('Account Summary'!F16="",'Account Summary'!F15="",'Account Summary'!F15=0),"",('Account Summary'!F16-'Account Summary'!F15)/'Account Summary'!F15) | J17: =IF('Account Summary'!G16="","",'Account Summary'!G16) | K17: =IF(OR('Account Summary'!G16="",'Account Summary'!G15="",'Account Summary'!G15=0),"",('Account Summary'!G16-'Account Summary'!G15)/'Account Summary'!G15) | L17: =IF('Account Summary'!I16="","",'Account Summary'!I16) | M17: =IF(OR('Account Summary'!I16="",'Account Summary'!I15="",'Account Summary'!I15=0),"",('Account Summary'!I16-'Account Summary'!I15)/'Account Summary'!I15) | N17: =IF('Account Summary'!H16="","",'Account Summary'!H16) | O17: =IF(OR('Account Summary'!H16="",'Account Summary'!H15="",'Account Summary'!H15=0),"",('Account Summary'!H16-'Account Summary'!H15)/'Account Summary'!H15) | P17: =IF('Account Summary'!K16="","",'Account Summary'!K16) | Q17: =IF(OR('Account Summary'!K16="",'Account Summary'!K15="",'Account Summary'!K15=0),"",('Account Summary'!K16-'Account Summary'!K15)/'Account Summary'!K15)
A18: ='Account Summary'!A17 -> Month 13 | B18: =IF('Account Summary'!B17="","",'Account Summary'!B17) | C18: =IF(OR('Account Summary'!B17="",'Account Summary'!B16="",'Account Summary'!B16=0),"",('Account Summary'!B17-'Account Summary'!B16)/'Account Summary'!B16) | D18: =IF('Account Summary'!D17="","",'Account Summary'!D17) | E18: =IF(OR('Account Summary'!D17="",'Account Summary'!D16="",'Account Summary'!D16=0),"",('Account Summary'!D17-'Account Summary'!D16)/'Account Summary'!D16) | F18: =IF('Account Summary'!E17="","",'Account Summary'!E17) | G18: =IF(OR('Account Summary'!E17="",'Account Summary'!E16=""),"",'Account Summary'!E17-'Account Summary'!E16) | H18: =IF('Account Summary'!F17="","",'Account Summary'!F17) | I18: =IF(OR('Account Summary'!F17="",'Account Summary'!F16="",'Account Summary'!F16=0),"",('Account Summary'!F17-'Account Summary'!F16)/'Account Summary'!F16) | J18: =IF('Account Summary'!G17="","",'Account Summary'!G17) | K18: =IF(OR('Account Summary'!G17="",'Account Summary'!G16="",'Account Summary'!G16=0),"",('Account Summary'!G17-'Account Summary'!G16)/'Account Summary'!G16) | L18: =IF('Account Summary'!I17="","",'Account Summary'!I17) | M18: =IF(OR('Account Summary'!I17="",'Account Summary'!I16="",'Account Summary'!I16=0),"",('Account Summary'!I17-'Account Summary'!I16)/'Account Summary'!I16) | N18: =IF('Account Summary'!H17="","",'Account Summary'!H17) | O18: =IF(OR('Account Summary'!H17="",'Account Summary'!H16="",'Account Summary'!H16=0),"",('Account Summary'!H17-'Account Summary'!H16)/'Account Summary'!H16) | P18: =IF('Account Summary'!K17="","",'Account Summary'!K17) | Q18: =IF(OR('Account Summary'!K17="",'Account Summary'!K16="",'Account Summary'!K16=0),"",('Account Summary'!K17-'Account Summary'!K16)/'Account Summary'!K16)
... A29: ='Account Summary'!A28 -> Month 24 | B29: =IF('Account Summary'!B28="","",'Account Summary'!B28) | C29: =IF(OR('Account Summary'!B28="",'Account Summary'!B27="",'Account Summary'!B27=0),"",('Account Summary'!B28-'Account Summary'!B27)/'Account Summary'!B27) | D29: =IF('Account Summary'!D28="","",'Account Summary'!D28) | E29: =IF(OR('Account Summary'!D28="",'Account Summary'!D27="",'Account Summary'!D27=0),"",('Account Summary'!D28-'Account Summary'!D27)/'Account Summary'!D27) | F29: =IF('Account Summary'!E28="","",'Account Summary'!E28) | G29: =IF(OR('Account Summary'!E28="",'Account Summary'!E27=""),"",'Account Summary'!E28-'Account Summary'!E27) | H29: =IF('Account Summary'!F28="","",'Account Summary'!F28) | I29: =IF(OR('Account Summary'!F28="",'Account Summary'!F27="",'Account Summary'!F27=0),"",('Account Summary'!F28-'Account Summary'!F27)/'Account Summary'!F27) | J29: =IF('Account Summary'!G28="","",'Account Summary'!G28) | K29: =IF(OR('Account Summary'!G28="",'Account Summary'!G27="",'Account Summary'!G27=0),"",('Account Summary'!G28-'Account Summary'!G27)/'Account Summary'!G27) | L29: =IF('Account Summary'!I28="","",'Account Summary'!I28) | M29: =IF(OR('Account Summary'!I28="",'Account Summary'!I27="",'Account Summary'!I27=0),"",('Account Summary'!I28-'Account Summary'!I27)/'Account Summary'!I27) | N29: =IF('Account Summary'!H28="","",'Account Summary'!H28) | O29: =IF(OR('Account Summary'!H28="",'Account Summary'!H27="",'Account Summary'!H27=0),"",('Account Summary'!H28-'Account Summary'!H27)/'Account Summary'!H27) | P29: =IF('Account Summary'!K28="","",'Account Summary'!K28) | Q29: =IF(OR('Account Summary'!K28="",'Account Summary'!K27="",'Account Summary'!K27=0),"",('Account Summary'!K28-'Account Summary'!K27)/'Account Summary'!K27)

Sheet By Campaign
A1: By Campaign
A2: One row per campaign per month. Blue cells are inputs. CTR, CPC, cost per conversion, conversion rate, and ROAS are formulas. The Flag column warns when spend earns no conversions.
A4: Month | B4: Campaign | C4: Campaign Type | D4: Impressions | E4: Clicks | F4: CTR | G4: Avg CPC | H4: Spend | I4: Conversions | J4: Conv. Value | K4: Cost / Conv | L4: Conv. Rate | M4: ROAS | N4: Search Impr. Share | O4: Flag
A5: Month 3 | B5: Search - Brand | C5: Search | D5: 42000 | E5: 3100 | F5: =IF(OR(D5="",D5=0),"",E5/D5) -> 0.073809524 | G5: =IF(OR(E5="",E5=0),"",H5/E5) -> 0.58064516 | H5: 1800 | I5: 140 | J5: 9000 | K5: =IF(OR(I5="",I5=0),"",H5/I5) -> 12.857143 | L5: =IF(OR(E5="",E5=0),"",I5/E5) -> 0.04516129 | M5: =IF(OR(H5="",H5=0),"",J5/H5) -> 5 | N5: 0.62 | O5: =IF(AND(H5>0,N(I5)=0),"No conversions",IF(AND(F5<>"",F5<0.01),"Low CTR",""))
A6: Month 3 | B6: Search - Non-brand | C6: Search | D6: 96000 | E6: 2400 | F6: =IF(OR(D6="",D6=0),"",E6/D6) -> 0.025 | G6: =IF(OR(E6="",E6=0),"",H6/E6) -> 1.0833333 | H6: 2600 | I6: 18 | J6: 6500 | K6: =IF(OR(I6="",I6=0),"",H6/I6) -> 144.44444 | L6: =IF(OR(E6="",E6=0),"",I6/E6) -> 0.0075 | M6: =IF(OR(H6="",H6=0),"",J6/H6) -> 2.5 | N6: 0.31 | O6: =IF(AND(H6>0,N(I6)=0),"No conversions",IF(AND(F6<>"",F6<0.01),"Low CTR",""))
A7: Month 3 | B7: Performance Max - All | C7: Performance Max | D7: 210000 | E7: 4900 | F7: =IF(OR(D7="",D7=0),"",E7/D7) -> 0.023333333 | G7: =IF(OR(E7="",E7=0),"",H7/E7) -> 0.30612245 | H7: 1500 | I7: 30 | J7: 7500 | K7: =IF(OR(I7="",I7=0),"",H7/I7) -> 50 | L7: =IF(OR(E7="",E7=0),"",I7/E7) -> 0.006122449 | M7: =IF(OR(H7="",H7=0),"",J7/H7) -> 5 | N7: 0.55 | O7: =IF(AND(H7>0,N(I7)=0),"No conversions",IF(AND(F7<>"",F7<0.01),"Low CTR",""))
A8: Month 3 | B8: Display - Remarketing | C8: Display | D8: 380000 | E8: 900 | F8: =IF(OR(D8="",D8=0),"",E8/D8) -> 0.0023684211 | G8: =IF(OR(E8="",E8=0),"",H8/E8) -> 0.44444444 | H8: 400 | I8: 4 | J8: 1200 | K8: =IF(OR(I8="",I8=0),"",H8/I8) -> 100 | L8: =IF(OR(E8="",E8=0),"",I8/E8) -> 0.0044444444 | M8: =IF(OR(H8="",H8=0),"",J8/H8) -> 3 | N8: 0.2 | O8: =IF(AND(H8>0,N(I8)=0),"No conversions",IF(AND(F8<>"",F8<0.01),"Low CTR","")) -> Low CTR
A9: Month 3 | B9: Video - Awareness | C9: Video | D9: 520000 | E9: 1200 | F9: =IF(OR(D9="",D9=0),"",E9/D9) -> 0.0023076923 | G9: =IF(OR(E9="",E9=0),"",H9/E9) -> 0.25 | H9: 300 | I9: 0 | J9: 0 | K9: =IF(OR(I9="",I9=0),"",H9/I9) | L9: =IF(OR(E9="",E9=0),"",I9/E9) -> 0 | M9: =IF(OR(H9="",H9=0),"",J9/H9) -> 0 | N9: 0.1 | O9: =IF(AND(H9>0,N(I9)=0),"No conversions",IF(AND(F9<>"",F9<0.01),"Low CTR","")) -> No conversions
A11: Sort by Spend to see where the money goes, then by Cost per Conversion to see what it buys. A campaign with real spend and zero conversions is flagged in red: pause it, fix tracking, or rework the offer before it burns more budget.

Sheet By Campaign Type
A1: By Campaign Type
A2: Spend and return grouped by how the campaign serves. Blue cells are inputs. Rates and share of spend are formulas.
A4: Campaign Type | B4: Impressions | C4: Clicks | D4: CTR | E4: Avg CPC | F4: Spend | G4: Conversions | H4: Conv. Value | I4: Cost / Conv | J4: ROAS | K4: Share of Spend
A5: Search | B5: 138000 | C5: 5500 | D5: =IF(OR(B5="",B5=0),"",C5/B5) -> 0.039855072 | E5: =IF(OR(C5="",C5=0),"",F5/C5) -> 4.3636364 | F5: 24000 | G5: 158 | H5: 73000 | I5: =IF(OR(G5="",G5=0),"",F5/G5) -> 151.89873 | J5: =IF(OR(F5="",F5=0),"",H5/F5) -> 3.0416667 | K5: =IF(SUM($F$5:$F$9)=0,"",F5/SUM($F$5:$F$9)) -> 0.39669421
A6: Performance Max | B6: 210000 | C6: 4900 | D6: =IF(OR(B6="",B6=0),"",C6/B6) -> 0.023333333 | E6: =IF(OR(C6="",C6=0),"",F6/C6) -> 3.6734694 | F6: 18000 | G6: 30 | H6: 68000 | I6: =IF(OR(G6="",G6=0),"",F6/G6) -> 600 | J6: =IF(OR(F6="",F6=0),"",H6/F6) -> 3.7777778 | K6: =IF(SUM($F$5:$F$9)=0,"",F6/SUM($F$5:$F$9)) -> 0.29752066
A7: Display | B7: 380000 | C7: 900 | D7: =IF(OR(B7="",B7=0),"",C7/B7) -> 0.0023684211 | E7: =IF(OR(C7="",C7=0),"",F7/C7) -> 4.4444444 | F7: 4000 | G7: 4 | H7: 5000 | I7: =IF(OR(G7="",G7=0),"",F7/G7) -> 1000 | J7: =IF(OR(F7="",F7=0),"",H7/F7) -> 1.25 | K7: =IF(SUM($F$5:$F$9)=0,"",F7/SUM($F$5:$F$9)) -> 0.066115702
A8: Video | B8: 520000 | C8: 1200 | D8: =IF(OR(B8="",B8=0),"",C8/B8) -> 0.0023076923 | E8: =IF(OR(C8="",C8=0),"",F8/C8) -> 2.9166667 | F8: 3500 | G8: 0 | H8: 0 | I8: =IF(OR(G8="",G8=0),"",F8/G8) | J8: =IF(OR(F8="",F8=0),"",H8/F8) -> 0 | K8: =IF(SUM($F$5:$F$9)=0,"",F8/SUM($F$5:$F$9)) -> 0.05785124
A9: Shopping | B9: 90000 | C9: 2100 | D9: =IF(OR(B9="",B9=0),"",C9/B9) -> 0.023333333 | E9: =IF(OR(C9="",C9=0),"",F9/C9) -> 5.2380952 | F9: 11000 | G9: 61 | H9: 42000 | I9: =IF(OR(G9="",G9=0),"",F9/G9) -> 180.32787 | J9: =IF(OR(F9="",F9=0),"",H9/F9) -> 3.8181818 | K9: =IF(SUM($F$5:$F$9)=0,"",F9/SUM($F$5:$F$9)) -> 0.18181818
A11: This is where you decide the budget mix. Performance Max and Search usually carry the conversions; Display and Video build reach but convert thin, so judge them on assisted value, not last-click ROAS.

Sheet By Device
A1: By Device
A2: Performance split by device for the latest month. Blue cells are inputs. Rates are formulas.
A4: Device | B4: Impressions | C4: Clicks | D4: CTR | E4: Avg CPC | F4: Spend | G4: Conversions | H4: Cost / Conv | I4: Conv. Rate
A5: Mobile | B5: 520000 | C5: 7200 | D5: =IF(OR(B5="",B5=0),"",C5/B5) -> 0.013846154 | E5: =IF(OR(C5="",C5=0),"",F5/C5) -> 4.1666667 | F5: 30000 | G5: 52 | H5: =IF(OR(G5="",G5=0),"",F5/G5) -> 576.92308 | I5: =IF(OR(C5="",C5=0),"",G5/C5) -> 0.0072222222
A6: Desktop | B6: 260000 | C6: 4100 | D6: =IF(OR(B6="",B6=0),"",C6/B6) -> 0.015769231 | E6: =IF(OR(C6="",C6=0),"",F6/C6) -> 6.8292683 | F6: 28000 | G6: 70 | H6: =IF(OR(G6="",G6=0),"",F6/G6) -> 400 | I6: =IF(OR(C6="",C6=0),"",G6/C6) -> 0.017073171
A7: Tablet | B7: 40000 | C7: 500 | D7: =IF(OR(B7="",B7=0),"",C7/B7) -> 0.0125 | E7: =IF(OR(C7="",C7=0),"",F7/C7) -> 8 | F7: 4000 | G7: 5 | H7: =IF(OR(G7="",G7=0),"",F7/G7) -> 800 | I7: =IF(OR(C7="",C7=0),"",G7/C7) -> 0.01
A9: If mobile takes most clicks but converts worse and costs more per conversion, your mobile landing pages are the lever. Check load speed and form length before you blame the traffic.

Sheet Search Terms
A1: Search Terms
A2: What people actually typed. Pull the search terms report and paste it here. Use the Action column to decide: add as keyword, add a negative, or keep watching.
A4: Search Term | B4: Matched Campaign | C4: Impressions | D4: Clicks | E4: CTR | F4: Spend | G4: Conversions | H4: Cost / Conv | I4: Action
A5: buy product a online | B5: Search - Non-brand | C5: 1800 | D5: 140 | E5: =IF(OR(C5="",C5=0),"",D5/C5) -> 0.077777778 | F5: 520 | G5: 9 | H5: =IF(OR(G5="",G5=0),"",F5/G5) -> 57.777778 | I5: Add as keyword
A6: your brand reviews | B6: Search - Brand | C6: 900 | D6: 210 | E6: =IF(OR(C6="",C6=0),"",D6/C6) -> 0.23333333 | F6: 140 | G6: 12 | H6: =IF(OR(G6="",G6=0),"",F6/G6) -> 11.666667 | I6: Keep
A7: free product a download | B7: Search - Non-brand | C7: 2600 | D7: 180 | E7: =IF(OR(C7="",C7=0),"",D7/C7) -> 0.069230769 | F7: 300 | G7: 0 | H7: =IF(OR(G7="",G7=0),"",F7/G7) | I7: Add negative
A8: product a vs competitor | B8: Search - Non-brand | C8: 1200 | D8: 90 | E8: =IF(OR(C8="",C8=0),"",D8/C8) -> 0.075 | F8: 260 | G8: 3 | H8: =IF(OR(G8="",G8=0),"",F8/G8) -> 86.666667 | I8: Keep
A10: Search terms are where waste hides and where new keywords are born. Terms with clicks and zero conversions are negative-keyword candidates. Terms that convert and are not yet keywords are your next exact-match adds.

Sheet Budget Pacing
A1: Budget Pacing
A2: Are you on track to spend your budget this month. Fill the blue cells. Projection and pace are formulas.
A4: Campaign / Account | B4: Monthly Budget | C4: Days in Month | D4: Days Elapsed | E4: Spend to Date | F4: Expected to Date | G4: Projected Month-End | H4: Pace vs Budget | I4: Status
A5: Account total | B5: 18000 | C5: 30 | D5: 12 | E5: 7600 | F5: =IF(OR(B5="",C5="",C5=0),"",B5*D5/C5) -> 7200 | G5: =IF(OR(E5="",D5="",D5=0,C5=""),"",E5/D5*C5) -> 19000 | H5: =IF(OR(G5="",B5="",B5=0),"",G5/B5) -> 1.0555556 | I5: =IF(H5="","",IF(H5>1.1,"Over",IF(H5<0.9,"Under","On track"))) -> On track
A6: Search - Brand | B6: 4000 | C6: 30 | D6: 12 | E6: 1700 | F6: =IF(OR(B6="",C6="",C6=0),"",B6*D6/C6) -> 1600 | G6: =IF(OR(E6="",D6="",D6=0,C6=""),"",E6/D6*C6) -> 4250 | H6: =IF(OR(G6="",B6="",B6=0),"",G6/B6) -> 1.0625 | I6: =IF(H6="","",IF(H6>1.1,"Over",IF(H6<0.9,"Under","On track"))) -> On track
A7: Performance Max - All | B7: 8000 | C7: 30 | D7: 12 | E7: 4200 | F7: =IF(OR(B7="",C7="",C7=0),"",B7*D7/C7) -> 3200 | G7: =IF(OR(E7="",D7="",D7=0,C7=""),"",E7/D7*C7) -> 10500 | H7: =IF(OR(G7="",B7="",B7=0),"",G7/B7) -> 1.3125 | I7: =IF(H7="","",IF(H7>1.1,"Over",IF(H7<0.9,"Under","On track"))) -> Over
A8: Display - Remarketing | B8: 2000 | C8: 30 | D8: 12 | E8: 500 | F8: =IF(OR(B8="",C8="",C8=0),"",B8*D8/C8) -> 800 | G8: =IF(OR(E8="",D8="",D8=0,C8=""),"",E8/D8*C8) -> 1250 | H8: =IF(OR(G8="",B8="",B8=0),"",G8/B8) -> 0.625 | I8: =IF(H8="","",IF(H8>1.1,"Over",IF(H8<0.9,"Under","On track"))) -> Under
A10: Projected month-end is today's daily pace carried to the end of the month. Over means you will overspend the budget; Under means you are leaving reach on the table while impression share is below 100%. Adjust daily budgets, not panic.

Sheet Flags & Fixes
A1: Flags & Fixes
A2: The Google Ads issues worth checking every month, what each one means, and the fix. Replace the sample notes with what you find.
A4: Priority | B4: Flag | C4: What it means | D4: Where to check | E4: Fix
A5: High | B5: Spend with no conversions | C5: Budget is going out with nothing coming back. | D5: By Campaign (red flag) | E5: Pause, fix conversion tracking, or rework the offer and landing page.
A6: High | B6: Conversion tracking gaps | C6: Conversions look low or zero across the account. | D6: Account Summary, By Campaign | E6: Confirm the conversion tag fires and key actions are marked as conversions.
A7: Medium | B7: Low search impression share | C7: You are eligible for far more impressions than you get. | D7: Account Summary (Search Impr. Share) | E7: Raise budget on capped campaigns or improve Ad Rank with better ads and bids.
A8: Medium | B8: Rising cost per conversion | C8: You are paying more for the same result over time. | D8: Month-on-Month | E8: Tighten targeting, add negatives, test new creative, review bid strategy.
A9: Medium | B9: Search term waste | C9: Clicks on irrelevant queries with no conversions. | D9: Search Terms | E9: Add negative keywords. Promote converting terms to exact match.
A10: Low | B10: Device imbalance | C10: One device converts far worse but takes the spend. | D10: By Device | E10: Adjust device performance with landing page fixes or bid adjustments.

Sheet Definitions
A1: Definitions
A2: Plain-language meaning of every metric in this workbook.
A4: Metric | B4: What it means | C4: Good direction
A5: Spend | B5: Total amount spent on Google Ads in the period. | C5: Match to budget
A6: Impressions | B6: How often your ads were shown. | C6: Higher with intent
A7: Clicks | B7: Number of clicks your ads received. | C7: Higher
A8: CTR | B8: Click-through rate. Clicks divided by impressions. | C8: Higher
A9: Avg CPC | B9: Average cost per click. Spend divided by clicks. | C9: Lower
A10: Conversions | B10: Conversion actions Google Ads counted. Sanity-check Performance Max against your CRM. | C10: Higher
A11: Conv. Value | B11: Total value of those conversions, used for ROAS. | C11: Higher
A12: Cost / Conv | B12: Spend divided by conversions. Your cost per acquisition. | C12: Lower
A13: Conv. Rate | B13: Share of clicks that converted. | C13: Higher
A14: ROAS | B14: Return on ad spend. Conversion value divided by spend. | C14: Higher
A15: Search Impr. Share | B15: Impressions you got divided by impressions you were eligible for on Search. | C15: Higher, toward 100%
... A17: Pace vs Budget | B17: Projected month-end spend divided by the monthly budget. | C17: Near 100%

Sheet Sources
A1: Sources
A2: Where the data comes from and how to pull it. Replace the placeholder account ID with yours.
A4: Source | B4: Account | C4: Open | D4: What you get
A5: Google Ads | B5: Account <YOUR-GOOGLE-ADS-ID> | C5: Open | D5: Spend, impressions, clicks, conversions, value, search impression share, by campaign, type, and device
A6: Google Ads search terms | B6: Same account | C6: Open | D6: The actual queries that triggered your ads
A7: Windsor.ai | B7: Connector that feeds Claude | C7: Open | D7: Pulls all of the above into this workbook through Claude
A8: Conversion tracking | B8: Google Ads / Google Tag | C8: Open | D8: Confirm your conversion actions fire before trusting any conversion number
